URI,Method,User-agent,Body
/unionid/v1/generate,POST,Dalvik/2.1.0 (Linux; U; Android 6.0.1; MI 4LTE MIUI/666.4.14),"{""unionid"":""2eb263d42123ab54e83277bd4c06e069"",""data"":{""bluetooth_mac"":"""",""pseudo_uniqueid"":""357616666673246"",""imei"":""865931022792071"",""serial_number"":""850c200e"",""model"":""MI 4LTE"",""android_id"":""8bae983aa687dd48"",""type"":""Android"",""brand"":""Xiaomi"",""wlan_mac"":""02:00:00:00:00:00""}}"
/config/v1/keyvalue.json?appname=group&platform=android&version=2.8.1,GET,Dalvik/2.1.0 (Linux; U; Android 6.0.1; MI 4LTE MIUI/666.4.14),
/config/v1/keyvalue.json?appname=group&platform=android&version=2.8&__vhost=api.mobile.meituan.com&utm_source=wandoujia&utm_medium=android&utm_term=381&version_name=6.8.1&utm_content=865931022792071&utm_campaign=AgroupBpushC0D200E0H145673&ci=1&msid=8659310227920711464400453349&uuid=521BF886936908E7E1A697E70B264C5B3B1280683785440C9BF1C463CF51E893&userid=65687079&__reqTraceID=9a7a9a7a-85c6-4e39-9908-23b320c9ee23&__skck=6a375bce8c66a0dc293860dfa83833ef&__skts=1464515490418&__skua=594476d291cbea2d29902a8d800824bd&__skno=0b1be2df-0e16-4532-b481-f56c067848b1&__skcy=K9qZ8iLSiWDSg28LaeM0%2FbVxta8%3D,GET,AiMeiTuan /Xiaomi-6.0.1-MI 4LTE-1920x1080-480-6.8.1-381-865931022792071-wandoujia,
/group/v1/user/65687079/ordercenternew/unused?token=JXylHXJemQmAyrBVhhJTQJJ4pqoAAAAAOgIAAKpw00653emR9wW8FN8VNTQFUzOIQiUmsqZLP2s8zLY1o7JFFVo7Zr96yF8E70EaRQ&dealFields=imgurl%2Csmstitle%2Crefund%2Cfakerefund%2Csevenrefund%2Chowuse%2Ctitle%2Cprice%2Cvalue%2Cbrandname%2Ccate%2Csubcate%2Cmenu%2Cterms%2Crdploc%2Cmname%2Cctype%2Cvoice%2Ccoupontitle%2Cktvplan%2Cbookingphone%2CattrJson%2Cpricecalendar%2Cisappointonline%2Coptionalattrs%2Cslug%2Cend%2Cstatus%2Crdcount%2Ccouponendtime%2Cexpireautorefund%2CiUrl&moreinfo=hotel&__vhost=api.mobile.meituan.com&utm_source=wandoujia&utm_medium=android&utm_term=381&version_name=6.8.1&utm_content=865931022792071&utm_campaign=AgroupBpushC0D200E0H145673&ci=1&msid=8659310227920711464400453349&uuid=521BF886936908E7E1A697E70B264C5B3B1280683785440C9BF1C463CF51E893&userid=65687079&__reqTraceID=3bd88ff8-77d1-460a-87fe-f468951dd303&__skck=6a375bce8c66a0dc293860dfa83833ef&__skts=1464515490706&__skua=594476d291cbea2d29902a8d800824bd&__skno=6a5b7034-084e-4e69-82cd-f263a00b20e0&__skcy=qOYieEcI4gAs7TVUnKVROnevFOQ%3D,GET,AiMeiTuan /Xiaomi-6.0.1-MI 4LTE-1920x1080-480-6.8.1-381-865931022792071-wandoujia,
/volga/v1/magpie/route?cityId=1&__vhost=lvyou.meituan.com&utm_source=wandoujia&utm_medium=android&utm_term=381&version_name=6.8.1&utm_content=865931022792071&utm_campaign=AgroupBpushC0D200E0H145673&ci=1&msid=8659310227920711464400453349&uuid=521BF886936908E7E1A697E70B264C5B3B1280683785440C9BF1C463CF51E893&userid=65687079&__reqTraceID=afc32a46-f905-4670-b0fd-29d147472215&__skck=6a375bce8c66a0dc293860dfa83833ef&__skts=1464515491251&__skua=594476d291cbea2d29902a8d800824bd&__skno=a8de489f-1930-4db8-9265-13225e8843c7&__skcy=sBvBLR%2BS2fALnWI1delggnnC8q0%3D,GET,AiMeiTuan /Xiaomi-6.0.1-MI 4LTE-1920x1080-480-6.8.1-381-865931022792071-wandoujia,
/config/v1/keyvalue.json?appname=group&platform=android&version=2.8,GET,Apache-HttpClient/UNAVAILABLE (java 1.4),
/api/mobile/switches/v2?token=566a3fa581e6e3b434f44a75&os=Android&osVersion=6.0.1&appVersion=6.8.1&deviceId=865931022792071,GET,Dalvik/2.1.0 (Linux; U; Android 6.0.1; MI 4LTE MIUI/666.4.14),
/group/v3/abtest?city=1&uuid=521BF886936908E7E1A697E70B264C5B3B1280683785440C9BF1C463CF51E893&platform=android&__vhost=api.mobile.meituan.com&utm_source=wandoujia&utm_medium=android&utm_term=381&version_name=6.8.1&utm_content=865931022792071&utm_campaign=AgroupBgroupC0D200E0&ci=1&msid=8659310227920711464515491394&userid=65687079&__reqTraceID=94a94162-181c-4fca-9e13-8377b0968175&__skck=6a375bce8c66a0dc293860dfa83833ef&__skts=1464515491494&__skua=594476d291cbea2d29902a8d800824bd&__skno=bd20109e-b84c-4412-ac24-6d6384251863&__skcy=pKwzC3lheOLJQYfCgEZ611%2Bzjb8%3D,GET,AiMeiTuan /Xiaomi-6.0.1-MI 4LTE-1920x1080-480-6.8.1-381-865931022792071-wandoujia,
/,POST,Dalvik/2.1.0 (Linux; U; Android 6.0.1; MI 4LTE MIUI/666.4.14),"[{""android_id"":""8bae983aa687dd48"",""app"":""6.8.1"",""appnm"":""group"",""bht"":""unauthorized"",""brand"":""Xiaomi"",""ch"":""wandoujia"",""cityid"":""1"",""ct"":""android"",""did"":""3980AFDFDA0790D"",""dm"":""MI 4LTE"",""lch"":""group"",""msid"":""3980AFDFDA0790D1464515489586"",""net"":""WIFI"",""os"":""6.0.1"",""pushid"":""0"",""sdk_ver"":""2.4.4"",""serial_number"":""850c200e"",""uid"":""65687079"",""union_id"":""2eb263d42123ab54e83277bd4c06e069"",""uuid"":""521BF886936908E7E1A697E70B264C5B3B1280683785440C9BF1C463CF51E893"",""version_code"":""381"",""wifi"":""on"",""category"":""data_sdk_group"",""evs"":[{""nm"":""report"",""val_act"":""start"",""tm"":1464515491295}]}]"
/appupdate/hotfix/patchlist_v1?os_ver=6.0.1&dev=cancro&dev_model=MI+4LTE&brand=Xiaomi&jvm_ver=2.1.0&user_id=65687079&channel=wandoujia&cpu_arc=armeabi-v7a&hotfix_ver=10002&apk_hash=8dc655128a47ae02b74d45474ba82810&app=group&app_ver=6.8.1,GET,okhttp/2.7.5,
/group/v1/recommend/homepage/inteligent/1?uuid=521BF886936908E7E1A697E70B264C5B3B1280683785440C9BF1C463CF51E893&userid=65687079&position=null&wifi-name=360%08MF910S_9EBDCD%08TP-LINK_DC32%08CMCC-WEB%08CMCC%08and-Business%08&wifi-mac=00%3A87%3A46%3A0c%3A61%3Abd%08d0%3A5b%3Aa8%3A9e%3Abd%3Acd%0824%3A69%3A68%3A35%3Adc%3A32%0800%3A27%3A1d%3A06%3A87%3A5d%0800%3A27%3A1d%3A07%3A87%3A5d%0800%3A27%3A1d%3A08%3A87%3A5d%08&wifi-strength=-15%08-57%08-71%08-73%08-78%08-78%08&wifi-cur=0&__vhost=api.mobile.meituan.com&utm_source=wandoujia&utm_medium=android&utm_term=381&version_name=6.8.1&utm_content=865931022792071&utm_campaign=AgroupBgroupC0D200E0&ci=1&msid=8659310227920711464515491394&__reqTraceID=156887af-4d7d-4411-b0dc-d959269da9b4&__skck=6a375bce8c66a0dc293860dfa83833ef&__skts=1464515491632&__skua=594476d291cbea2d29902a8d800824bd&__skno=c3409827-3544-4db0-8a20-9513ed38f49b&__skcy=58WxBnXT7yGclYnbakmIOHkRhbw%3D,GET,AiMeiTuan /Xiaomi-6.0.1-MI 4LTE-1920x1080-480-6.8.1-381-865931022792071-wandoujia,
/api/resource/list?version_name=6.8.1&ci=1&utm_medium=android&moduleId=33&__vhost=aop.meituan.com&utm_source=wandoujia&utm_term=381&utm_content=865931022792071&utm_campaign=AgroupBgroupC0D200E0&msid=8659310227920711464515491394&uuid=521BF886936908E7E1A697E70B264C5B3B1280683785440C9BF1C463CF51E893&userid=65687079&__reqTraceID=ba04d787-f979-485d-96bc-2e217051818f&__skck=6a375bce8c66a0dc293860dfa83833ef&__skts=1464515491733&__skua=594476d291cbea2d29902a8d800824bd&__skno=eedc3b8c-2612-4250-8e1c-65b9686fcd17&__skcy=1bRcZw4xeKolC6bOtshAAR4%2FxaA%3D,GET,AiMeiTuan /Xiaomi-6.0.1-MI 4LTE-1920x1080-480-6.8.1-381-865931022792071-wandoujia,
/msg/num?token=JXylHXJemQmAyrBVhhJTQJJ4pqoAAAAAOgIAAKpw00653emR9wW8FN8VNTQFUzOIQiUmsqZLP2s8zLY1o7JFFVo7Zr96yF8E70EaRQ&platform=1&__vhost=open.meituan.com&utm_source=wandoujia&utm_medium=android&utm_term=381&version_name=6.8.1&utm_content=865931022792071&utm_campaign=AgroupBgroupC0D200E0&ci=1&msid=8659310227920711464515491394&uuid=521BF886936908E7E1A697E70B264C5B3B1280683785440C9BF1C463CF51E893&userid=65687079&__reqTraceID=6131b45b-b4a0-4bf7-aa06-6267f1c341a6&__skck=6a375bce8c66a0dc293860dfa83833ef&__skts=1464515491733&__skua=594476d291cbea2d29902a8d800824bd&__skno=a0f46d95-dfbb-4636-9350-f035bfd76700&__skcy=MiqjiKD88CwQb4PcfTqe0Z5pTB0%3D,GET,AiMeiTuan /Xiaomi-6.0.1-MI 4LTE-1920x1080-480-6.8.1-381-865931022792071-wandoujia,
/config/v1/window/check.json?platform=android&city_id=1&app_version=6.8.1&app_name=group&type=%E5%9B%A2%E8%B4%AD&__vhost=api.mobile.meituan.com&utm_source=wandoujia&utm_medium=android&utm_term=381&version_name=6.8.1&utm_content=865931022792071&utm_campaign=AgroupBgroupC0D200E0&ci=1&msid=8659310227920711464515491394&uuid=521BF886936908E7E1A697E70B264C5B3B1280683785440C9BF1C463CF51E893&userid=65687079&__reqTraceID=18a00928-d830-4f82-a9cb-82089807ce8e&__skck=6a375bce8c66a0dc293860dfa83833ef&__skts=1464515491738&__skua=594476d291cbea2d29902a8d800824bd&__skno=17a97697-ac32-4128-b7bd-54c8761e9083&__skcy=WuMuhh8R%2Fl3s1ZAYD2%2FpTfDPjdQ%3D,GET,AiMeiTuan /Xiaomi-6.0.1-MI 4LTE-1920x1080-480-6.8.1-381-865931022792071-wandoujia,
/api/resource/list?version_name=6.8.1&ci=1&utm_medium=android&moduleId=33&__vhost=aop.meituan.com&utm_source=wandoujia&utm_term=381&utm_content=865931022792071&utm_campaign=AgroupBgroupC0D200E0&msid=8659310227920711464515491394&uuid=521BF886936908E7E1A697E70B264C5B3B1280683785440C9BF1C463CF51E893&userid=65687079&__reqTraceID=ba04d787-f979-485d-96bc-2e217051818f&__skck=6a375bce8c66a0dc293860dfa83833ef&__skts=1464515491733&__skua=594476d291cbea2d29902a8d800824bd&__skno=eedc3b8c-2612-4250-8e1c-65b9686fcd17&__skcy=1bRcZw4xeKolC6bOtshAAR4%2FxaA%3D,GET,AiMeiTuan /Xiaomi-6.0.1-MI 4LTE-1920x1080-480-6.8.1-381-865931022792071-wandoujia,
/msg/num?token=JXylHXJemQmAyrBVhhJTQJJ4pqoAAAAAOgIAAKpw00653emR9wW8FN8VNTQFUzOIQiUmsqZLP2s8zLY1o7JFFVo7Zr96yF8E70EaRQ&platform=1&__vhost=open.meituan.com&utm_source=wandoujia&utm_medium=android&utm_term=381&version_name=6.8.1&utm_content=865931022792071&utm_campaign=AgroupBgroupC0D200E0&ci=1&msid=8659310227920711464515491394&uuid=521BF886936908E7E1A697E70B264C5B3B1280683785440C9BF1C463CF51E893&userid=65687079&__reqTraceID=6131b45b-b4a0-4bf7-aa06-6267f1c341a6&__skck=6a375bce8c66a0dc293860dfa83833ef&__skts=1464515491733&__skua=594476d291cbea2d29902a8d800824bd&__skno=a0f46d95-dfbb-4636-9350-f035bfd76700&__skcy=MiqjiKD88CwQb4PcfTqe0Z5pTB0%3D,GET,AiMeiTuan /Xiaomi-6.0.1-MI 4LTE-1920x1080-480-6.8.1-381-865931022792071-wandoujia,
/config/v1/window/check.json?platform=android&city_id=1&app_version=6.8.1&app_name=group&type=%E5%9B%A2%E8%B4%AD&__vhost=api.mobile.meituan.com&utm_source=wandoujia&utm_medium=android&utm_term=381&version_name=6.8.1&utm_content=865931022792071&utm_campaign=AgroupBgroupC0D200E0&ci=1&msid=8659310227920711464515491394&uuid=521BF886936908E7E1A697E70B264C5B3B1280683785440C9BF1C463CF51E893&userid=65687079&__reqTraceID=18a00928-d830-4f82-a9cb-82089807ce8e&__skck=6a375bce8c66a0dc293860dfa83833ef&__skts=1464515491738&__skua=594476d291cbea2d29902a8d800824bd&__skno=17a97697-ac32-4128-b7bd-54c8761e9083&__skcy=WuMuhh8R%2Fl3s1ZAYD2%2FpTfDPjdQ%3D,GET,AiMeiTuan /Xiaomi-6.0.1-MI 4LTE-1920x1080-480-6.8.1-381-865931022792071-wandoujia,
/jungle/d25dfe1db1ed34a2e55bbc8f441eb90f2383.png,GET,okhttp/2.7.5,
/jungle/d0a390639afbd9d49c345d3996af0d5c1787.png,GET,okhttp/2.7.5,
/jungle/6906b668885615edcfa830bb5d98d0482327.png,GET,okhttp/2.7.5,
/api/recommend/latestupdatetime?cityId=1&__vhost=aop.meituan.com&utm_source=wandoujia&utm_medium=android&utm_term=381&version_name=6.8.1&utm_content=865931022792071&utm_campaign=AgroupBgroupC0D200E0&ci=1&msid=8659310227920711464515491394&uuid=521BF886936908E7E1A697E70B264C5B3B1280683785440C9BF1C463CF51E893&userid=65687079&__reqTraceID=190e5718-69c2-49dc-8ded-a25c406a634a&__skck=6a375bce8c66a0dc293860dfa83833ef&__skts=1464515492729&__skua=594476d291cbea2d29902a8d800824bd&__skno=72246916-fe52-4d0e-9ea7-114bacc2aa92&__skcy=sQr80bn%2BIld67p8aBug9Jv3KjvI%3D,GET,AiMeiTuan /Xiaomi-6.0.1-MI 4LTE-1920x1080-480-6.8.1-381-865931022792071-wandoujia,
/jungle/8e2f69e3ae42e903e8c948651cf7dced1453.png,GET,okhttp/2.7.5,
/jungle/a7d251101ae660a1ae4b1ff4ce5b97832298.png.webp,GET,okhttp/2.7.5,
/jungle/b1eb48f44dbdb14593a7a17539dc46362383.png,GET,okhttp/2.7.5,
/jungle/5a8ee087ac2404c1a12cd459142b4da94777.png,GET,okhttp/2.7.5,
/jungle/03f52e022da028398eea6d91056613ff2304.png,GET,okhttp/2.7.5,
/jungle/e79f2aae7b30d33bf997c3804f3ac9286517.png,GET,okhttp/2.7.5,
/jungle/fba544dc3aefc83432e93d2428ef1baf2524.png,GET,okhttp/2.7.5,
/jungle/40839a8eb44386a4d4a6e1270bc926164494.png,GET,okhttp/2.7.5,
/jungle/001ec774ee983b897112068baa074e466269.png,GET,okhttp/2.7.5,
/jungle/27e7846653e6dd753689a23ab3fa8caa1949.png,GET,okhttp/2.7.5,
/jungle/2b962833f8ed4e6f258eb2cf68fe2e992409.png,GET,okhttp/2.7.5,
/jungle/d499079ece6cb1da7b3473bbc6586a091686.png,GET,okhttp/2.7.5,
/jungle/7975b2f54bca78ea0cad5c635c100c532318.png,GET,okhttp/2.7.5,
/jungle/c241b13eec33534fa4d4e65f5c4b6b9b2237.png,GET,okhttp/2.7.5,
/jungle/69b17fb80d1b39556efe5e216d609c923163.png,GET,okhttp/2.7.5,
/jungle/d6cdde7b946063b4264dece9d3772ec94181.png,GET,okhttp/2.7.5,
/jungle/c37eaaefbc5c3f96a7d8c252ecdc5fcc2040.png,GET,okhttp/2.7.5,
/jungle/22ae3e3b3f89ae04e5f44f243d7703b35129.png,GET,okhttp/2.7.5,
"/group/v1/city/latlng/39.91834,116.685677?tag=0&__vhost=api.mobile.meituan.com&utm_source=wandoujia&utm_medium=android&utm_term=381&version_name=6.8.1&utm_content=865931022792071&utm_campaign=AgroupBgroupC0D200E0&ci=1&msid=8659310227920711464515491394&uuid=521BF886936908E7E1A697E70B264C5B3B1280683785440C9BF1C463CF51E893&userid=65687079&__reqTraceID=569b265b-a637-48b4-8ee6-17ec219b7407&__skck=6a375bce8c66a0dc293860dfa83833ef&__skts=1464515493334&__skua=594476d291cbea2d29902a8d800824bd&__skno=df3b179a-e5d9-4482-80ac-e70c8ffc9055&__skcy=SxmpZ%2Fn0wBDN2Z5L6GXQpvefDeI%3D",GET,AiMeiTuan /Xiaomi-6.0.1-MI 4LTE-1920x1080-480-6.8.1-381-865931022792071-wandoujia,
/group/v2/recommend/homepage/city/1?userId=65687079&position=39.91834%2C116.685677&supportId=1&wifi-cur=0&wifi-mac=00%3A87%3A46%3A0c%3A61%3Abd%08d0%3A5b%3Aa8%3A9e%3Abd%3Acd%0824%3A69%3A68%3A35%3Adc%3A32%0800%3A27%3A1d%3A06%3A87%3A5d%08&wifi-name=360%08MF910S_9EBDCD%08TP-LINK_DC32%08CMCC-WEB%08&wifi-strength=-15%08-63%08-69%08-72%08&fields=imageUrl%2Ctitle%2CimageTitle%2CsubTitle%2CsubTitle2%2CmainMessage%2CmainMessage2%2CsubMessage%2CtopRightInfo%2CbottomRightInfo%2C_type%2C_from%2C_id%2C_iUrl%2C_jumpNeed%2Ccolor%2Ccampaign%2CglobalId&client=android&__vhost=api.mobile.meituan.com&utm_source=wandoujia&utm_medium=android&utm_term=381&version_name=6.8.1&utm_content=865931022792071&utm_campaign=AgroupBgroupC0D200E0&ci=1&msid=8659310227920711464515491394&uuid=521BF886936908E7E1A697E70B264C5B3B1280683785440C9BF1C463CF51E893&userid=65687079&__reqTraceID=cea4fc3a-7b50-4f19-b45b-f456e19a77d8&__skck=6a375bce8c66a0dc293860dfa83833ef&__skts=1464515493409&__skua=594476d291cbea2d29902a8d800824bd&__skno=fb02d6e2-931e-49d9-9660-1cc09f2612f9&__skcy=K02DJ9F%2FfwpXf5bNHb0%2FRSn7B5U%3D,GET,AiMeiTuan /Xiaomi-6.0.1-MI 4LTE-1920x1080-480-6.8.1-381-865931022792071-wandoujia,
/group/v1/deal/topic/elaborate/city/1?latlng=39.91834%2C116.685677&__vhost=api.mobile.meituan.com&utm_source=wandoujia&utm_medium=android&utm_term=381&version_name=6.8.1&utm_content=865931022792071&utm_campaign=AgroupBgroupC0D200E0&ci=1&msid=8659310227920711464515491394&uuid=521BF886936908E7E1A697E70B264C5B3B1280683785440C9BF1C463CF51E893&userid=65687079&__reqTraceID=9e69e2f0-d466-48a7-9cfb-2c030680b265&__skck=6a375bce8c66a0dc293860dfa83833ef&__skts=1464515493441&__skua=594476d291cbea2d29902a8d800824bd&__skno=8dd700a9-473f-4e65-8e62-5bd0f143210a&__skcy=ERtSMDdCO4J%2FfamHlalW8e%2BRoJo%3D,GET,AiMeiTuan /Xiaomi-6.0.1-MI 4LTE-1920x1080-480-6.8.1-381-865931022792071-wandoujia,
/group/v1/deal/topic/beautiful/city/1?version_name=6.8.1&limit=5&latlng=39.91834%2C116.685677&__vhost=api.mobile.meituan.com&utm_source=wandoujia&utm_medium=android&utm_term=381&utm_content=865931022792071&utm_campaign=AgroupBgroupC0D200E0&ci=1&msid=8659310227920711464515491394&uuid=521BF886936908E7E1A697E70B264C5B3B1280683785440C9BF1C463CF51E893&userid=65687079&__reqTraceID=be69e3cd-c5fd-477a-865d-a699f6fc40bf&__skck=6a375bce8c66a0dc293860dfa83833ef&__skts=1464515493412&__skua=594476d291cbea2d29902a8d800824bd&__skno=154b79be-7081-4f60-8e44-f1c18d05d296&__skcy=paPp5Ah8O56fGT6NjDeAr%2BrKNUA%3D,GET,AiMeiTuan /Xiaomi-6.0.1-MI 4LTE-1920x1080-480-6.8.1-381-865931022792071-wandoujia,
/group/v1/opt/homepage/display?version_name=6.8.1&uerid=65687079&latlng=39.91834%2C116.685677&__vhost=api.mobile.meituan.com&utm_source=wandoujia&utm_medium=android&utm_term=381&utm_content=865931022792071&utm_campaign=AgroupBgroupC0D200E0&ci=1&msid=8659310227920711464515491394&uuid=521BF886936908E7E1A697E70B264C5B3B1280683785440C9BF1C463CF51E893&userid=65687079&__reqTraceID=b8364018-1aee-4367-b5ca-66cf50e1b33c&__skck=6a375bce8c66a0dc293860dfa83833ef&__skts=1464515493433&__skua=594476d291cbea2d29902a8d800824bd&__skno=92b980a6-0fd3-42bb-b984-542fbef6c5db&__skcy=eziWSUnPOZLOwCzv9RmsMvDIU0s%3D,GET,AiMeiTuan /Xiaomi-6.0.1-MI 4LTE-1920x1080-480-6.8.1-381-865931022792071-wandoujia,
"/group/v1/itemportal/position/39.91834,116.685677?__vhost=api.mobile.meituan.com&utm_source=wandoujia&utm_medium=android&utm_term=381&version_name=6.8.1&utm_content=865931022792071&utm_campaign=AgroupBgroupC0D200E0&ci=1&msid=8659310227920711464515491394&uuid=521BF886936908E7E1A697E70B264C5B3B1280683785440C9BF1C463CF51E893&userid=65687079&__reqTraceID=0b33f561-37c3-47a8-93bb-763fe86be2c0&__skck=6a375bce8c66a0dc293860dfa83833ef&__skts=1464515493451&__skua=594476d291cbea2d29902a8d800824bd&__skno=903b026b-de1b-4be3-9dfe-47739d17f919&__skcy=xsiVJPNEW%2FGFKYX238mGPGCp1r4%3D",GET,AiMeiTuan /Xiaomi-6.0.1-MI 4LTE-1920x1080-480-6.8.1-381-865931022792071-wandoujia,
/group/v1/opt/tabconfig/city/1?latlng=39.91834%2C116.685677&utm_device=MI%204LTE&__vhost=api.mobile.meituan.com&utm_source=wandoujia&utm_medium=android&utm_term=381&version_name=6.8.1&utm_content=865931022792071&utm_campaign=AgroupBgroupC0D200E0&ci=1&msid=8659310227920711464515491394&uuid=521BF886936908E7E1A697E70B264C5B3B1280683785440C9BF1C463CF51E893&userid=65687079&__reqTraceID=f558c99b-447a-4df5-9859-c2461ffa3999&__skck=6a375bce8c66a0dc293860dfa83833ef&__skts=1464515493429&__skua=594476d291cbea2d29902a8d800824bd&__skno=370a808d-2434-4a3b-895a-6cc6cd50a4e0&__skcy=lGc4pKd%2FZnxGq%2BnYW3IyHaCzSiE%3D,GET,AiMeiTuan /Xiaomi-6.0.1-MI 4LTE-1920x1080-480-6.8.1-381-865931022792071-wandoujia,
/api/entry/remoteRank?latlng=39.91834%2C116.685677&__vhost=aop.meituan.com&utm_source=wandoujia&utm_medium=android&utm_term=381&version_name=6.8.1&utm_content=865931022792071&utm_campaign=AgroupBgroupC0D200E0&ci=1&msid=8659310227920711464515491394&uuid=521BF886936908E7E1A697E70B264C5B3B1280683785440C9BF1C463CF51E893&userid=65687079&__reqTraceID=532f2b90-073c-41c1-9796-70eb47880d7e&__skck=6a375bce8c66a0dc293860dfa83833ef&__skts=1464515493449&__skua=594476d291cbea2d29902a8d800824bd&__skno=46dee5da-c923-455a-8d8e-46bc7a0434b6&__skcy=BFKANOLgVZGDCi21u5qg%2F6s9Ufo%3D,GET,AiMeiTuan /Xiaomi-6.0.1-MI 4LTE-1920x1080-480-6.8.1-381-865931022792071-wandoujia,
"/group/v1/shoppingmall/search?position=39.91834,116.685677&offset=0&limit=6&cityId=1&__vhost=api.mobile.meituan.com&utm_source=wandoujia&utm_medium=android&utm_term=381&version_name=6.8.1&utm_content=865931022792071&utm_campaign=AgroupBgroupC0D200E0&ci=1&msid=8659310227920711464515491394&uuid=521BF886936908E7E1A697E70B264C5B3B1280683785440C9BF1C463CF51E893&userid=65687079&__reqTraceID=d6cdaee2-016f-4a3d-9876-f9d9b8794efa&__skck=6a375bce8c66a0dc293860dfa83833ef&__skts=1464515493422&__skua=594476d291cbea2d29902a8d800824bd&__skno=554e0467-b4a0-4707-a09d-fbd41fd5f543&__skcy=8mJ%2BHBgwqNtC%2B6lcqfrjSfYv%2BrY%3D",GET,AiMeiTuan /Xiaomi-6.0.1-MI 4LTE-1920x1080-480-6.8.1-381-865931022792071-wandoujia,
/group/v1/deal/topic/discount/city/1?version_name=6.8.1&limit=7&latlng=39.91834%2C116.685677&__vhost=api.mobile.meituan.com&utm_source=wandoujia&utm_medium=android&utm_term=381&utm_content=865931022792071&utm_campaign=AgroupBgroupC0D200E0&ci=1&msid=8659310227920711464515491394&uuid=521BF886936908E7E1A697E70B264C5B3B1280683785440C9BF1C463CF51E893&userid=65687079&__reqTraceID=50c29ba4-b018-4ed2-b3ea-feed200a31ef&__skck=6a375bce8c66a0dc293860dfa83833ef&__skts=1464515493497&__skua=594476d291cbea2d29902a8d800824bd&__skno=ab626456-a4c2-4869-b17f-341b6d862660&__skcy=U4u132XTgU3Bi0m4MaO%2BH7ICn2M%3D,GET,AiMeiTuan /Xiaomi-6.0.1-MI 4LTE-1920x1080-480-6.8.1-381-865931022792071-wandoujia,
/group/v1/deal/activity/1?ptId=android_6.8.1&latlng=39.91834%2C116.685677&__vhost=api.mobile.meituan.com&utm_source=wandoujia&utm_medium=android&utm_term=381&version_name=6.8.1&utm_content=865931022792071&utm_campaign=AgroupBgroupC0D200E0&ci=1&msid=8659310227920711464515491394&uuid=521BF886936908E7E1A697E70B264C5B3B1280683785440C9BF1C463CF51E893&userid=65687079&__reqTraceID=6b010a89-e40a-4584-a689-5c9386b9f5c3&__skck=6a375bce8c66a0dc293860dfa83833ef&__skts=1464515493566&__skua=594476d291cbea2d29902a8d800824bd&__skno=8870146a-da39-43d2-bdde-2dc418dc38a3&__skcy=5zQBZgXq6f8oBqqBjkw25UZ1v0A%3D,GET,AiMeiTuan /Xiaomi-6.0.1-MI 4LTE-1920x1080-480-6.8.1-381-865931022792071-wandoujia,
"/api/entry?name=brandarea&latlng=39.91834,116.685677&__vhost=aop.meituan.com&utm_source=wandoujia&utm_medium=android&utm_term=381&version_name=6.8.1&utm_content=865931022792071&utm_campaign=AgroupBgroupC0D200E0&ci=1&msid=8659310227920711464515491394&uuid=521BF886936908E7E1A697E70B264C5B3B1280683785440C9BF1C463CF51E893&userid=65687079&__reqTraceID=c793adb4-d8e1-46bb-a223-47185013e5b9&__skck=6a375bce8c66a0dc293860dfa83833ef&__skts=1464515493563&__skua=594476d291cbea2d29902a8d800824bd&__skno=7b95b061-7421-48bc-972d-a4e9e8700934&__skcy=r%2B7dBBn5Br6i5Bl85Gs4KaOzjKQ%3D",GET,AiMeiTuan /Xiaomi-6.0.1-MI 4LTE-1920x1080-480-6.8.1-381-865931022792071-wandoujia,
/advert/v3/configs?__vhost=api.mobile.meituan.com&utm_source=wandoujia&utm_medium=android&utm_term=381&version_name=6.8.1&utm_content=865931022792071&utm_campaign=AgroupBgroupC0D200E0&ci=1&msid=8659310227920711464515491394&uuid=521BF886936908E7E1A697E70B264C5B3B1280683785440C9BF1C463CF51E893&userid=65687079&__reqTraceID=04a0fcc5-52ff-4e85-9d96-7001af0cfcf0&__skck=6a375bce8c66a0dc293860dfa83833ef&__skts=1464515493620&__skua=594476d291cbea2d29902a8d800824bd&__skno=af29d414-3dd5-4e6a-80ff-122ddffd52f6&__skcy=ihb%2F3xcsEXcNZxe9dznc2kzJM1w%3D,GET,AiMeiTuan /Xiaomi-6.0.1-MI 4LTE-1920x1080-480-6.8.1-381-865931022792071-wandoujia,
/advert/v3/configs?__vhost=api.mobile.meituan.com&utm_source=wandoujia&utm_medium=android&utm_term=381&version_name=6.8.1&utm_content=865931022792071&utm_campaign=AgroupBgroupC0D200E0&ci=1&msid=8659310227920711464515491394&uuid=521BF886936908E7E1A697E70B264C5B3B1280683785440C9BF1C463CF51E893&userid=65687079&__reqTraceID=5151994f-3bea-448e-ad54-f08feff36beb&__skck=6a375bce8c66a0dc293860dfa83833ef&__skts=1464515493621&__skua=594476d291cbea2d29902a8d800824bd&__skno=a756940d-36ea-4708-9f2a-e7036567f3cd&__skcy=kLKmP2ZhsdZSP9GtANbjLuZ0%2BfE%3D,GET,AiMeiTuan /Xiaomi-6.0.1-MI 4LTE-1920x1080-480-6.8.1-381-865931022792071-wandoujia,
/group/v1/opt/exploration/city/1?latlng=39.91834%2C116.685677&utm_device=MI%204LTE&__vhost=api.mobile.meituan.com&utm_source=wandoujia&utm_medium=android&utm_term=381&version_name=6.8.1&utm_content=865931022792071&utm_campaign=AgroupBgroupC0D200E0&ci=1&msid=8659310227920711464515491394&uuid=521BF886936908E7E1A697E70B264C5B3B1280683785440C9BF1C463CF51E893&userid=65687079&__reqTraceID=9343d922-eedf-42db-be29-51f3753b01a6&__skck=6a375bce8c66a0dc293860dfa83833ef&__skts=1464515493705&__skua=594476d291cbea2d29902a8d800824bd&__skno=73b32b7b-4b47-462e-b8de-96f13644de33&__skcy=vVDxLiYoqvP0izWIop4hCwYxNlU%3D,GET,AiMeiTuan /Xiaomi-6.0.1-MI 4LTE-1920x1080-480-6.8.1-381-865931022792071-wandoujia,
/api/entry?name=hotcate&latlng=39.91834%2C116.685677&__vhost=aop.meituan.com&utm_source=wandoujia&utm_medium=android&utm_term=381&version_name=6.8.1&utm_content=865931022792071&utm_campaign=AgroupBgroupC0D200E0&ci=1&msid=8659310227920711464515491394&uuid=521BF886936908E7E1A697E70B264C5B3B1280683785440C9BF1C463CF51E893&userid=65687079&__reqTraceID=00c8e814-997c-4328-8b2d-235a73527dd4&__skck=6a375bce8c66a0dc293860dfa83833ef&__skts=1464515493803&__skua=594476d291cbea2d29902a8d800824bd&__skno=4a6e0d3f-baf5-496a-8741-01ef716c5450&__skcy=F8c023Ov%2FA8V9n8wCVy2pllAobY%3D,GET,AiMeiTuan /Xiaomi-6.0.1-MI 4LTE-1920x1080-480-6.8.1-381-865931022792071-wandoujia,
/group/v1/deal/topic/favourate/city/1?latlng=39.91834%2C116.685677&__vhost=api.mobile.meituan.com&utm_source=wandoujia&utm_medium=android&utm_term=381&version_name=6.8.1&utm_content=865931022792071&utm_campaign=AgroupBgroupC0D200E0&ci=1&msid=8659310227920711464515491394&uuid=521BF886936908E7E1A697E70B264C5B3B1280683785440C9BF1C463CF51E893&userid=65687079&__reqTraceID=d4943d64-ff16-430a-bde1-c582f424c7d5&__skck=6a375bce8c66a0dc293860dfa83833ef&__skts=1464515493752&__skua=594476d291cbea2d29902a8d800824bd&__skno=2e075f76-c9a9-4081-9b8f-983890621999&__skcy=PZ4L1H19SpIZL%2FWV9E0jh5rW8NY%3D,GET,AiMeiTuan /Xiaomi-6.0.1-MI 4LTE-1920x1080-480-6.8.1-381-865931022792071-wandoujia,
/group/v1/recommend/homepage/inteligent/1?uuid=521BF886936908E7E1A697E70B264C5B3B1280683785440C9BF1C463CF51E893&userid=65687079&position=39.91834%2C116.685677&wifi-name=360%08MF910S_9EBDCD%08TP-LINK_DC32%08CMCC-WEB%08CMCC%08and-Business%08&wifi-mac=00%3A87%3A46%3A0c%3A61%3Abd%08d0%3A5b%3Aa8%3A9e%3Abd%3Acd%0824%3A69%3A68%3A35%3Adc%3A32%0800%3A27%3A1d%3A06%3A87%3A5d%0800%3A27%3A1d%3A07%3A87%3A5d%0800%3A27%3A1d%3A08%3A87%3A5d%08&wifi-strength=-15%08-63%08-69%08-72%08-74%08-74%08&wifi-cur=0&__vhost=api.mobile.meituan.com&utm_source=wandoujia&utm_medium=android&utm_term=381&version_name=6.8.1&utm_content=865931022792071&utm_campaign=AgroupBgroupC0D200E0&ci=1&msid=8659310227920711464515491394&__reqTraceID=819ded75-ba50-4d9d-8eff-2d2b2dcc8878&__skck=6a375bce8c66a0dc293860dfa83833ef&__skts=1464515493810&__skua=594476d291cbea2d29902a8d800824bd&__skno=cda4d144-6174-4710-a9e4-7c6e56770107&__skcy=rXpENdqm0Bjlaei5t5Uuwd0VQpY%3D,GET,AiMeiTuan /Xiaomi-6.0.1-MI 4LTE-1920x1080-480-6.8.1-381-865931022792071-wandoujia,
/groupop/88917810afc0b7570de53133bd3b317430184.png.webp,GET,okhttp/2.7.5,
/groupop/d7cac0370fc0daa375e8cdf396710f7d41367.png.webp,GET,okhttp/2.7.5,
/groupop/4d1cb4960110a66188a40c077b2ae0cc17151.png.webp,GET,okhttp/2.7.5,
/groupop/e1855577efd5280c905ab7a438b83f3d5000.png.webp,GET,okhttp/2.7.5,
/advert/v3/adverts?cityid=1&category=9999&version=6.8.1&new=0&app=group&clienttp=android&devid=865931022792071&uid=65687079&movieid=&partner=0&apptype=0&smId=&__vhost=api.mobile.meituan.com&utm_source=wandoujia&utm_medium=android&utm_term=381&version_name=6.8.1&utm_content=865931022792071&utm_campaign=AgroupBgroupC0D200E0&ci=1&msid=8659310227920711464515491394&uuid=521BF886936908E7E1A697E70B264C5B3B1280683785440C9BF1C463CF51E893&userid=65687079&__reqTraceID=a32a714e-10c2-4918-a704-747143ce0325&__skck=6a375bce8c66a0dc293860dfa83833ef&__skts=1464515493937&__skua=594476d291cbea2d29902a8d800824bd&__skno=526f1cb3-c0be-47d2-83d9-3fd9c6d8c959&__skcy=C2N215SORkzx0msOKRzTAguCVyg%3D,GET,AiMeiTuan /Xiaomi-6.0.1-MI 4LTE-1920x1080-480-6.8.1-381-865931022792071-wandoujia,
/advert/v3/adverts?cityid=1&category=9998&version=6.8.1&new=0&app=group&clienttp=android&devid=865931022792071&uid=65687079&movieid=&partner=0&apptype=0&smId=&__vhost=api.mobile.meituan.com&utm_source=wandoujia&utm_medium=android&utm_term=381&version_name=6.8.1&utm_content=865931022792071&utm_campaign=AgroupBgroupC0D200E0&ci=1&msid=8659310227920711464515491394&uuid=521BF886936908E7E1A697E70B264C5B3B1280683785440C9BF1C463CF51E893&userid=65687079&__reqTraceID=e5054f96-4393-4790-90e5-4332903b4b0b&__skck=6a375bce8c66a0dc293860dfa83833ef&__skts=1464515493937&__skua=594476d291cbea2d29902a8d800824bd&__skno=4264009e-b8cd-4db6-8ea9-f1a80291e34e&__skcy=cHfUTGFVHw43ldh7B97C4xlCudA%3D,GET,AiMeiTuan /Xiaomi-6.0.1-MI 4LTE-1920x1080-480-6.8.1-381-865931022792071-wandoujia,
/groupop/a18e32bb289cebb1e6ca30b68fa5e3ba20262.png.webp,GET,okhttp/2.7.5,
/groupop/a5d1de157245152c6583733da5e3a4025793.png.webp,GET,okhttp/2.7.5,
/200.120/deal/d18d2686560cc705ba036533c292faff333258.jpg@0_87_2880_1745a%7C388h_640w_2e_90q.webp,GET,okhttp/2.7.5,
/group/v1/user/65687079/recommend/survey?token=JXylHXJemQmAyrBVhhJTQJJ4pqoAAAAAOgIAAKpw00653emR9wW8FN8VNTQFUzOIQiUmsqZLP2s8zLY1o7JFFVo7Zr96yF8E70EaRQ&__vhost=api.mobile.meituan.com&utm_source=wandoujia&utm_medium=android&utm_term=381&version_name=6.8.1&utm_content=865931022792071&utm_campaign=AgroupBgroupC0D200E0&ci=1&msid=8659310227920711464515491394&uuid=521BF886936908E7E1A697E70B264C5B3B1280683785440C9BF1C463CF51E893&userid=65687079&__reqTraceID=eb645407-bfee-4672-a28f-ce93fccbe470&__skck=6a375bce8c66a0dc293860dfa83833ef&__skts=1464515494075&__skua=594476d291cbea2d29902a8d800824bd&__skno=7311ea90-1425-4646-8f94-ecbff91c92ba&__skcy=H1G3Fysg4%2BDTvCyalXlx3b6vzQA%3D,GET,AiMeiTuan /Xiaomi-6.0.1-MI 4LTE-1920x1080-480-6.8.1-381-865931022792071-wandoujia,
/groupop/d4bc73e02d29ee4a28e81552c0acb37a21716.png.webp,GET,okhttp/2.7.5,
/feop/566e411194be7b143e60a74332fbee1e85876.png.webp,GET,okhttp/2.7.5,
/shoppingmall/home?f=android&token=JXylHXJemQmAyrBVhhJTQJJ4pqoAAAAAOgIAAKpw00653emR9wW8FN8VNTQFUzOIQiUmsqZLP2s8zLY1o7JFFVo7Zr96yF8E70EaRQ&userid=65687079&lat=39.91834&lng=116.685677&utm_device=MI%204LTE&utm_source=wandoujia&utm_medium=android&utm_term=381&version_name=6.8.1&utm_content=865931022792071&utm_campaign=AgroupBgroupC0D200E0&ci=1&msid=8659310227920711464515491394&uuid=521BF886936908E7E1A697E70B264C5B3B1280683785440C9BF1C463CF51E893,GET,"Mozilla/5.0 (Linux; Android 6.0.1; MI 4LTE Build/MMB29M; wv) AppleWebKit/537.36 (KHTML, like Gecko) Version/4.0 Chrome/48.0.2564.71 Mobile Safari/537.36",
/jungle/e7082cf55ab53fdf5e30d4c05cabe6172356.png,GET,okhttp/2.7.5,
/feop/f1f9d10251a05bfcbcbb5b7e647f24e022686.png.webp,GET,okhttp/2.7.5,
/feop/42f4b0de12abc76c0e880fb4f183d3bf16321.jpg.webp,GET,okhttp/2.7.5,
/feop/5e2364c4c9505a5e9158d7c17297a45928903.png.webp,GET,okhttp/2.7.5,
/jungle/f1fbf3ab1315ce7f153b570c5453f0254512.png,GET,okhttp/2.7.5,
/feop/e1778243ed022b9bc81adc3a7d8cca6b15382.png.webp,GET,okhttp/2.7.5,
/feop/f39edcc3c2bf9776ccf8e1431c72537e19196.png.webp,GET,okhttp/2.7.5,
/jungle/a4c0cd1901f0e3e20de2badd26b5a8c74366.png,GET,okhttp/2.7.5,
/feop/8dffcc4eecefe258c74f8d5314854de413901.png.webp,GET,okhttp/2.7.5,
/feop/c4b90ea52d1d86b94fd5d53874ac6d9c8389.png.webp,GET,okhttp/2.7.5,
/feop/3409a34c1ec4088f0c1efb27e6323ee528891.png.webp,GET,okhttp/2.7.5,
/feop/b988ceff8697bae801bfa7ec8e9575fe7979.png.webp,GET,okhttp/2.7.5,
/jungle/94ad8d7de8adbe662b7c273371816fdf4387.png,GET,okhttp/2.7.5,
/touch/css/eve_webview.68e30b8c.css,GET,"Mozilla/5.0 (Linux; Android 6.0.1; MI 4LTE Build/MMB29M; wv) AppleWebKit/537.36 (KHTML, like Gecko) Version/4.0 Chrome/48.0.2564.71 Mobile Safari/537.36",
/jungle/60d835194aa7afd2365efedf4d15cf613498.png,GET,okhttp/2.7.5,
/jungle/e98e4a2612b0f70fcd536643ef2365b65579.png,GET,okhttp/2.7.5,
/touch/img/shoppingmall/sm-entry-0.png,GET,"Mozilla/5.0 (Linux; Android 6.0.1; MI 4LTE Build/MMB29M; wv) AppleWebKit/537.36 (KHTML, like Gecko) Version/4.0 Chrome/48.0.2564.71 Mobile Safari/537.36",
/touch/module/truck.a938a845.js,GET,"Mozilla/5.0 (Linux; Android 6.0.1; MI 4LTE Build/MMB29M; wv) AppleWebKit/537.36 (KHTML, like Gecko) Version/4.0 Chrome/48.0.2564.71 Mobile Safari/537.36",
/touch/img/shoppingmall/sm-entry-2.png,GET,"Mozilla/5.0 (Linux; Android 6.0.1; MI 4LTE Build/MMB29M; wv) AppleWebKit/537.36 (KHTML, like Gecko) Version/4.0 Chrome/48.0.2564.71 Mobile Safari/537.36",
/jungle/b33f654b6cbca86cf34c8c95ed936dcc5012.png,GET,okhttp/2.7.5,
/touch/img/shoppingmall/sm-entry53.png,GET,"Mozilla/5.0 (Linux; Android 6.0.1; MI 4LTE Build/MMB29M; wv) AppleWebKit/537.36 (KHTML, like Gecko) Version/4.0 Chrome/48.0.2564.71 Mobile Safari/537.36",
/smpromo/c2a7b90d9ea82ea6d1cd81858a4b388a73870.png,GET,"Mozilla/5.0 (Linux; Android 6.0.1; MI 4LTE Build/MMB29M; wv) AppleWebKit/537.36 (KHTML, like Gecko) Version/4.0 Chrome/48.0.2564.71 Mobile Safari/537.36",
/jungle/e1773afc6fb53b0f5d53f30a1c0d275b5514.png,GET,okhttp/2.7.5,
/jungle/3f60140ee9b2652fa1c3f99d827659b72018.png,GET,okhttp/2.7.5,
/combo/?f=touch/module/common/msg.css.882c2e03.js;touch/module/zepto.2215a202.js;touch/module/common/msg.b555e7bf.js;touch/module/util/cookie.b92e68a7.js;touch/module/mjs.a0eb2667.js;touch/module/util/i_extend.a5a93765.js;touch/module/page/landingsession.f83c8f6b.js;touch/module/count.89957e50.js;touch/module/com/pagecommon.ee0a47f2.js,GET,"Mozilla/5.0 (Linux; Android 6.0.1; MI 4LTE Build/MMB29M; wv) AppleWebKit/537.36 (KHTML, like Gecko) Version/4.0 Chrome/48.0.2564.71 Mobile Safari/537.36",
/favicon.ico,GET,"Mozilla/5.0 (Linux; Android 6.0.1; MI 4LTE Build/MMB29M; wv) AppleWebKit/537.36 (KHTML, like Gecko) Version/4.0 Chrome/48.0.2564.71 Mobile Safari/537.36",
/jungle/1463f31b2c7c0cef5523c9368835d07c1286.png,GET,okhttp/2.7.5,
/group/v1/theme/list?__vhost=api.mobile.meituan.com&utm_source=wandoujia&utm_medium=android&utm_term=381&version_name=6.8.1&utm_content=865931022792071&utm_campaign=AgroupBgroupC0D200E0&ci=1&msid=8659310227920711464515491394&uuid=521BF886936908E7E1A697E70B264C5B3B1280683785440C9BF1C463CF51E893&userid=65687079&__reqTraceID=d53fed9b-d638-4711-86b5-670253f3247b&__skck=6a375bce8c66a0dc293860dfa83833ef&__skts=1464515496255&__skua=594476d291cbea2d29902a8d800824bd&__skno=849534b6-9eec-4d3c-a5e2-2a206f82ace8&__skcy=ph3wVyv%2BatGFIIVPEdI%2F06E4Dzo%3D,GET,AiMeiTuan /Xiaomi-6.0.1-MI 4LTE-1920x1080-480-6.8.1-381-865931022792071-wandoujia,
/ga.js,GET,"Mozilla/5.0 (Linux; Android 6.0.1; MI 4LTE Build/MMB29M; wv) AppleWebKit/537.36 (KHTML, like Gecko) Version/4.0 Chrome/48.0.2564.71 Mobile Safari/537.36",
/api/third/report,POST,Dalvik/2.1.0 (Linux; U; Android 6.0.1; MI 4LTE MIUI/666.4.14),"{""content"":{""appid"":""com.sankuai.meituan"",""channel"":""mi"",""foreign_token"":""EA6hEqmUNYfR4FW2FGK69g50m4nr4GkXcvrwYNvub60="",""token"":""1b2d6e17e1ada78f2b594406f5d00ba0430f9b7094d0515c424cc1961acaab0b103b4d6d4a8cb7a6cd70f822f26ffff9""}}"
/__utm.gif?utmwv=5.4.6&utms=1&utmn=706065209&utmhn=i.meituan.com&utmcs=UTF-8&utmsr=360x640&utmvp=360x169&utmsc=32-bit&utmul=zh-cn&utmje=0&utmfl=-&utmhid=608729826&utmr=-&utmp=%2Fshoppingmall%2Fhome%3Ff%3Dandroid%26token%3DJXylHXJemQmAyrBVhhJTQJJ4pqoAAAAAOgIAAKpw00653emR9wW8FN8VNTQFUzOIQiUmsqZLP2s8zLY1o7JFFVo7Zr96yF8E70EaRQ%26userid%3D65687079%26lat%3D39.91834%26lng%3D116.685677%26utm_device%3DMI%2525204LTE%26utm_source%3Dwandoujia%26utm_medium%3Dandroid%26utm_term%3D381%26version_name%3D6.8.1%26utm_content%3D865931022792071%26utm_campaign%3DAgroupBgroupC0D200E0%26ci%3D1%26msid%3D8659310227920711464515491394%26uuid%3D521BF886936908E7E1A697E70B264C5B3B1280683785440C9BF1C463CF51E893&utmht=1464515496955&utmac=UA-XXXXX-X&utmcc=__utma%3D74597006.293615181.1463812528.1464324560.1464515497.9%3B%2B__utmz%3D74597006.1464515497.9.9.utmcsr%3Dwandoujia%7Cutmccn%3DAgroupBgroupC0D200E0%7Cutmcmd%3Dandroid%7Cutmctr%3D381%7Cutmcct%3D865931022792071%3B&utmu=iBE~,GET,"Mozilla/5.0 (Linux; Android 6.0.1; MI 4LTE Build/MMB29M; wv) AppleWebKit/537.36 (KHTML, like Gecko) Version/4.0 Chrome/48.0.2564.71 Mobile Safari/537.36",
/t.gif?tanx_nid=109932508&tanx_cm&wap=1,GET,"Mozilla/5.0 (Linux; Android 6.0.1; MI 4LTE Build/MMB29M; wv) AppleWebKit/537.36 (KHTML, like Gecko) Version/4.0 Chrome/48.0.2564.71 Mobile Safari/537.36",
/_.gif?rt=1464515494734&st=1464515494865&dt=1464515495373&lt=1464515495810&expire=0&page=100359&pt_start=1464515494120&pt_index=0%2C-1%2C-1%2C-1%2C-1%2C186%2C482%2C482%2C482%2C614%2C-1%2C547%2C867%2C915%2C876%2C1438%2C1438%2C1438%2C1874%2C1874%2C1876&pn_redirect=0&pn_type=0,GET,"Mozilla/5.0 (Linux; Android 6.0.1; MI 4LTE Build/MMB29M; wv) AppleWebKit/537.36 (KHTML, like Gecko) Version/4.0 Chrome/48.0.2564.71 Mobile Safari/537.36",
/cm.gif?url=http%3A%2F%2Fcms.tanx.com%2Ft.gif%3Ftanx_nid%3D109932508%26tanx_cm%26wap%3D1,GET,"Mozilla/5.0 (Linux; Android 6.0.1; MI 4LTE Build/MMB29M; wv) AppleWebKit/537.36 (KHTML, like Gecko) Version/4.0 Chrome/48.0.2564.71 Mobile Safari/537.36",
/t.gif?tanx_nid=109932508&tanx_cm&wap=1&cna=qanRD+LbXWMCAWp5TWDiICBU,GET,"Mozilla/5.0 (Linux; Android 6.0.1; MI 4LTE Build/MMB29M; wv) AppleWebKit/537.36 (KHTML, like Gecko) Version/4.0 Chrome/48.0.2564.71 Mobile Safari/537.36",
/coomap?tanx_ver=1&wap=1&tanx_tid=i34Mee7tmBQ%3D&adx=tanx,GET,"Mozilla/5.0 (Linux; Android 6.0.1; MI 4LTE Build/MMB29M; wv) AppleWebKit/537.36 (KHTML, like Gecko) Version/4.0 Chrome/48.0.2564.71 Mobile Safari/537.36",
/group/v1/re/p?userid=65687079&cityId=1&position=39.917966%2C116.68604&pushid=126450&supportData=extdeal&wifi-cur=0&wifi-name=360%08MF910S_9EBDCD%08TP-LINK_DC32%08CMCC-WEB%08&wifi-mac=00%3A87%3A46%3A0c%3A61%3Abd%08d0%3A5b%3Aa8%3A9e%3Abd%3Acd%0824%3A69%3A68%3A35%3Adc%3A32%0800%3A27%3A1d%3A06%3A87%3A5d%08&wifi-strength=-14%08-63%08-69%08-72%08&__vhost=api.mobile.meituan.com&utm_source=wandoujia&utm_medium=android&utm_term=381&version_name=6.8.1&utm_content=865931022792071&utm_campaign=AgroupBgroupC0D200E0&ci=1&msid=8659310227920711464515491394&uuid=521BF886936908E7E1A697E70B264C5B3B1280683785440C9BF1C463CF51E893&__reqTraceID=bb647484-ddf6-469b-9780-f1935ad8aab4&__skck=6a375bce8c66a0dc293860dfa83833ef&__skts=1464515498206&__skua=594476d291cbea2d29902a8d800824bd&__skno=b880bca5-4d7d-414e-9412-96af7d2eb609&__skcy=s8bo1fzEHdWvINEQkIoOMLTaVtM%3D,GET,AiMeiTuan /Xiaomi-6.0.1-MI 4LTE-1920x1080-480-6.8.1-381-865931022792071-wandoujia,
/api/app/activation,GET,Dalvik/2.1.0 (Linux; U; Android 6.0.1; MI 4LTE MIUI/666.4.14),
/api/app/activation,GET,Dalvik/2.1.0 (Linux; U; Android 6.0.1; MI 4LTE MIUI/666.4.14),
/gchatpic_new/1096178802/2084191011-2860261691-33CD292A0570E70D168BC5A418746074/198?vuin=920328364&term=2&cldver=6.3.7.2795&rf=naio&msgTime=1464515499&mType=picGd,GET,Dalvik/2.1.0 (Linux; U; Android 6.0.1; MI 4LTE MIUI/666.4.14),
/test/preload,GET,"Mozilla/5.0 (Linux; Android 6.0.1; MI 4LTE Build/MMB29M; wv) AppleWebKit/537.36 (KHTML, like Gecko) Version/4.0 Chrome/48.0.2564.71 Mobile Safari/537.36",
/deal/a79b54089ec3df541ea08397875c5b92133374.jpg.webp,GET,okhttp/2.7.5,
/deal/ef323b1713343ad704be28e9a79e39b944040.jpg.webp,GET,okhttp/2.7.5,
/deal/95b4c1eaca499f07789ef02eec940e9724059.jpg@90_0_280_280a%7C267h_267w_2e_90Q.webp,GET,okhttp/2.7.5,
/deal/45ba49ca325e74f29a14271cc7792a2315842.jpg.webp,GET,okhttp/2.7.5,
/meishi/group/MeishiGroupapiService/v0?__vhost=api.meishi.meituan.com&utm_source=wandoujia&utm_medium=android&utm_term=381&version_name=6.8.1&utm_content=865931022792071&utm_campaign=AgroupBgroupC0D200E0Ghomepage_category1_1__a1&ci=1&msid=8659310227920711464515491394&uuid=521BF886936908E7E1A697E70B264C5B3B1280683785440C9BF1C463CF51E893&userid=65687079&__reqTraceID=66dbe7dc-e1ba-40db-87a6-3204460ebc8d&__skck=6a375bce8c66a0dc293860dfa83833ef&__skts=1464515508746&__skua=594476d291cbea2d29902a8d800824bd&__skno=e524aa50-7db3-46d6-989e-734548def37b&__skcy=zh3leh51QlHHc4Qhvez9c9E%2FuZE%3D,POST,AiMeiTuan /Xiaomi-6.0.1-MI 4LTE-1920x1080-480-6.8.1-381-865931022792071-wandoujia,»¿
/meishi/group/MeishiGroupapiService/v0?__vhost=api.meishi.meituan.com&utm_source=wandoujia&utm_medium=android&utm_term=381&version_name=6.8.1&utm_content=865931022792071&utm_campaign=AgroupBgroupC0D200E0Ghomepage_category1_1__a1__gfood&ci=1&msid=8659310227920711464515491394&uuid=521BF886936908E7E1A697E70B264C5B3B1280683785440C9BF1C463CF51E893&userid=65687079&__reqTraceID=633f1b5d-9541-4f91-8d83-6059086a8054&__skck=6a375bce8c66a0dc293860dfa83833ef&__skts=1464515508860&__skua=594476d291cbea2d29902a8d800824bd&__skno=e2659831-d84b-400f-a069-37a1cb78cc93&__skcy=Wlv%2FcZTqkZYD22GHpBHSayZP1SM%3D,POST,AiMeiTuan /Xiaomi-6.0.1-MI 4LTE-1920x1080-480-6.8.1-381-865931022792071-wandoujia,»¿
/meishi/group/MeishiGroupapiService/v0?__vhost=api.meishi.meituan.com&utm_source=wandoujia&utm_medium=android&utm_term=381&version_name=6.8.1&utm_content=865931022792071&utm_campaign=AgroupBgroupC0D200E0Ghomepage_category1_1__a1__gfood&ci=1&msid=8659310227920711464515491394&uuid=521BF886936908E7E1A697E70B264C5B3B1280683785440C9BF1C463CF51E893&userid=65687079&__reqTraceID=7d09dce6-2e62-4921-b510-ba2cbf5063d3&__skck=6a375bce8c66a0dc293860dfa83833ef&__skts=1464515508903&__skua=594476d291cbea2d29902a8d800824bd&__skno=a6180a3c-0c51-40a4-ad80-a0af801667bd&__skcy=XptDGhCOp0XeXf5O0u3PQTZ3IC0%3D,POST,AiMeiTuan /Xiaomi-6.0.1-MI 4LTE-1920x1080-480-6.8.1-381-865931022792071-wandoujia,»¿
/group/v3/deal/count/bygeo?hasGroup=false&cateType=poi&data_type=poi&city=1&cate=1&type=area%2Clandmark%2CsubwayLine%2CsubwayStation&client=android&__vhost=api.mobile.meituan.com&utm_source=wandoujia&utm_medium=android&utm_term=381&version_name=6.8.1&utm_content=865931022792071&utm_campaign=AgroupBgroupC0D200E0Ghomepage_category1_1__a1__gfood&ci=1&msid=8659310227920711464515491394&uuid=521BF886936908E7E1A697E70B264C5B3B1280683785440C9BF1C463CF51E893&userid=65687079&__reqTraceID=4b39c4dd-8b51-4996-892c-e138911ab258&__skck=6a375bce8c66a0dc293860dfa83833ef&__skts=1464515508923&__skua=594476d291cbea2d29902a8d800824bd&__skno=ab55d003-a94e-43b9-90e3-878719212ecb&__skcy=Eed5Fh5x3VJMJnNlM3l6%2BOyl0fg%3D,GET,AiMeiTuan /Xiaomi-6.0.1-MI 4LTE-1920x1080-480-6.8.1-381-865931022792071-wandoujia,
/meishi/filter/v4/deal/select/city/1/cate/1?sort=defaults&mypos=39.917966%2C116.68604&ci=1&hasGroup=true&mpt_cate1=-1&mpt_cate2=1&wifi-name=360%08TP-LINK_DC32%08MF910S_9EBDCD%08CMCC%08&wifi-mac=00%3A87%3A46%3A0c%3A61%3Abd%0824%3A69%3A68%3A35%3Adc%3A32%08d0%3A5b%3Aa8%3A9e%3Abd%3Acd%0800%3A27%3A1d%3A07%3A87%3A5d%08&wifi-strength=-15%08-67%08-74%08-74%08&wifi-cur=0&offset=0&limit=25&client=android&__vhost=api.meishi.meituan.com&utm_source=wandoujia&utm_medium=android&utm_term=381&version_name=6.8.1&utm_content=865931022792071&utm_campaign=AgroupBgroupC0D200E0Ghomepage_category1_1__a1__gfood&msid=8659310227920711464515491394&uuid=521BF886936908E7E1A697E70B264C5B3B1280683785440C9BF1C463CF51E893&userid=65687079&__reqTraceID=3c86c3b3-c19b-45d3-993f-334c48e57916&__skck=6a375bce8c66a0dc293860dfa83833ef&__skts=1464515508927&__skua=594476d291cbea2d29902a8d800824bd&__skno=0c7d466d-fef3-4766-9d08-35fccf79d9e6&__skcy=J940CTczt5AZNOzdsr%2B4hpWfu5s%3D,GET,AiMeiTuan /Xiaomi-6.0.1-MI 4LTE-1920x1080-480-6.8.1-381-865931022792071-wandoujia,
/advert/v3/adverts?cityid=1&category=1&version=6.8.1&new=0&app=group&clienttp=android&devid=865931022792071&uid=&movieid=&partner=0&apptype=0&smId=&__vhost=api.mobile.meituan.com&utm_source=wandoujia&utm_medium=android&utm_term=381&version_name=6.8.1&utm_content=865931022792071&utm_campaign=AgroupBgroupC0D200E0Ghomepage_category1_1__a1__gfood&ci=1&msid=8659310227920711464515491394&uuid=521BF886936908E7E1A697E70B264C5B3B1280683785440C9BF1C463CF51E893&userid=65687079&__reqTraceID=056a7fc6-6080-45a4-b2ef-cb7f30d91916&__skck=6a375bce8c66a0dc293860dfa83833ef&__skts=1464515509080&__skua=594476d291cbea2d29902a8d800824bd&__skno=78e39c86-91c6-47de-9591-83c641cbc471&__skcy=in7faRPE%2FfCYn1oQ9FcXQdoL%2F1w%3D,GET,AiMeiTuan /Xiaomi-6.0.1-MI 4LTE-1920x1080-480-6.8.1-381-865931022792071-wandoujia,
"/group/v1/city/latlng/39.917966,116.68604?tag=0&__vhost=api.mobile.meituan.com&utm_source=wandoujia&utm_medium=android&utm_term=381&version_name=6.8.1&utm_content=865931022792071&utm_campaign=AgroupBgroupC0D200E0Ghomepage_category1_1__a1__gfood&ci=1&msid=8659310227920711464515491394&uuid=521BF886936908E7E1A697E70B264C5B3B1280683785440C9BF1C463CF51E893&userid=65687079&__reqTraceID=4b6fea09-ac4b-4db5-aaec-04733c6d7094&__skck=6a375bce8c66a0dc293860dfa83833ef&__skts=1464515509155&__skua=594476d291cbea2d29902a8d800824bd&__skno=14cfdf39-941a-4cc5-8fe0-7126592854dc&__skcy=kgimmjZ1V3Njmy%2Fqu%2FTeEQ0Onbk%3D",GET,AiMeiTuan /Xiaomi-6.0.1-MI 4LTE-1920x1080-480-6.8.1-381-865931022792071-wandoujia,
/meishiop/6d121e02c696ab5cd423a764b54811c75489.png,GET,okhttp/2.7.5,
/meishiop/9c29430eec831af89c210653a0a368545684.png,GET,okhttp/2.7.5,
/meishiop/b6f9c7e1dc364241e4da089fd19e8e806325.png,GET,okhttp/2.7.5,
/movie/8bfd642f2cc3213f503acfbba8b03deb4883.png,GET,okhttp/2.7.5,
/advert/v3/adverts?cityid=1&category=1&version=6.8.1&new=0&app=group&clienttp=android&devid=865931022792071&uid=&movieid=&partner=0&apptype=0&smId=&__vhost=api.mobile.meituan.com&utm_source=wandoujia&utm_medium=android&utm_term=381&version_name=6.8.1&utm_content=865931022792071&utm_campaign=AgroupBgroupC0D200E0Ghomepage_category1_1__a1__gfood&ci=1&msid=8659310227920711464515491394&uuid=521BF886936908E7E1A697E70B264C5B3B1280683785440C9BF1C463CF51E893&userid=65687079&__reqTraceID=056a7fc6-6080-45a4-b2ef-cb7f30d91916&__skck=6a375bce8c66a0dc293860dfa83833ef&__skts=1464515509080&__skua=594476d291cbea2d29902a8d800824bd&__skno=78e39c86-91c6-47de-9591-83c641cbc471&__skcy=in7faRPE%2FfCYn1oQ9FcXQdoL%2F1w%3D,GET,AiMeiTuan /Xiaomi-6.0.1-MI 4LTE-1920x1080-480-6.8.1-381-865931022792071-wandoujia,
"/group/v1/city/latlng/39.917966,116.68604?tag=0&__vhost=api.mobile.meituan.com&utm_source=wandoujia&utm_medium=android&utm_term=381&version_name=6.8.1&utm_content=865931022792071&utm_campaign=AgroupBgroupC0D200E0Ghomepage_category1_1__a1__gfood&ci=1&msid=8659310227920711464515491394&uuid=521BF886936908E7E1A697E70B264C5B3B1280683785440C9BF1C463CF51E893&userid=65687079&__reqTraceID=4b6fea09-ac4b-4db5-aaec-04733c6d7094&__skck=6a375bce8c66a0dc293860dfa83833ef&__skts=1464515509155&__skua=594476d291cbea2d29902a8d800824bd&__skno=14cfdf39-941a-4cc5-8fe0-7126592854dc&__skcy=kgimmjZ1V3Njmy%2Fqu%2FTeEQ0Onbk%3D",GET,AiMeiTuan /Xiaomi-6.0.1-MI 4LTE-1920x1080-480-6.8.1-381-865931022792071-wandoujia,
/movie/1305f49e31b8a8eb6db4d7fdf98358762690.png,GET,okhttp/2.7.5,
/meishiop/2d29dcd41943e54365c44d51605420184876.png,GET,okhttp/2.7.5,
/meishiop/a589f18f364770b305ac3d02b023f0e65250.png,GET,okhttp/2.7.5,
/mmc/191c9d067a26f1087592d067c7a11db4112197.jpg.webp,GET,okhttp/2.7.5,
/codeman/84ae55fe8561f7e77b2eaa6b01c2c5b385101.png,GET,okhttp/2.7.5,
/meishiop/2a76a503b60e6b0d52149559fd3908854901.png,GET,okhttp/2.7.5,
/codeman/b068be6042f0f7893921da484a7060c718125.jpg,GET,okhttp/2.7.5,
/mmc/d38275711acd07b02d6a741509bfa60420022.jpg.webp,GET,okhttp/2.7.5,
/codeman/4d7e63d215b2f992bba715a3aada559417450.jpg,GET,okhttp/2.7.5,
/200.120/deal/__45396629__8259956.jpg.webp,GET,okhttp/2.7.5,
/mmc/618f7a7a62b482ecd2677a3def9cc57a59482.jpg.webp,GET,okhttp/2.7.5,
/tuanpic/discount.png.webp,GET,okhttp/2.7.5,
/tuanpic/maidanicon.png,GET,okhttp/2.7.5,
/tuanpic/group_ia_tuan_01.png.webp,GET,okhttp/2.7.5,
/200.120/deal/__44072967__3024045.jpg.webp,GET,okhttp/2.7.5,
/200.120/deal/2712a47f8a4a3c3418fda7cd88fffc9048276.jpg.webp,GET,okhttp/2.7.5,
/tuanpic/group_ia_quan_01.png.webp,GET,okhttp/2.7.5,
/group/v1/recommend/homepage/inteligent/1?uuid=521BF886936908E7E1A697E70B264C5B3B1280683785440C9BF1C463CF51E893&userid=65687079&position=39.917966%2C116.68604&wifi-name=360%08TP-LINK_DC32%08MF910S_9EBDCD%08CMCC%08CMCC-WEB%08and-Business%08&wifi-mac=00%3A87%3A46%3A0c%3A61%3Abd%0824%3A69%3A68%3A35%3Adc%3A32%08d0%3A5b%3Aa8%3A9e%3Abd%3Acd%0800%3A27%3A1d%3A07%3A87%3A5d%0800%3A27%3A1d%3A06%3A87%3A5d%0800%3A27%3A1d%3A08%3A87%3A5d%08&wifi-strength=-15%08-69%08-71%08-73%08-73%08-73%08&wifi-cur=0&__vhost=api.mobile.meituan.com&utm_source=wandoujia&utm_medium=android&utm_term=381&version_name=6.8.1&utm_content=865931022792071&utm_campaign=AgroupBgroupC0D200E0&ci=1&msid=8659310227920711464515491394&__reqTraceID=12f54233-cd00-42dd-8962-eb16adcbada5&__skck=6a375bce8c66a0dc293860dfa83833ef&__skts=1464515516134&__skua=594476d291cbea2d29902a8d800824bd&__skno=c950fbb5-e0c0-4418-af29-cadffbaf58ac&__skcy=%2Bps3AweR9%2FziRNSU2Gjd2Q6MdIE%3D,GET,AiMeiTuan /Xiaomi-6.0.1-MI 4LTE-1920x1080-480-6.8.1-381-865931022792071-wandoujia,
/meishi/group/MeishiGroupapiService/v0?__vhost=api.meishi.meituan.com&utm_source=wandoujia&utm_medium=android&utm_term=381&version_name=6.8.1&utm_content=865931022792071&utm_campaign=AgroupBgroupC0D200E0Ghomepage_category1_1__a1&ci=1&msid=8659310227920711464515491394&uuid=521BF886936908E7E1A697E70B264C5B3B1280683785440C9BF1C463CF51E893&userid=65687079&__reqTraceID=82d513a5-418e-4b02-b1ac-e05a38bf90b5&__skck=6a375bce8c66a0dc293860dfa83833ef&__skts=1464515517339&__skua=594476d291cbea2d29902a8d800824bd&__skno=77c9c747-cb7d-46ee-873e-ab856b08eedf&__skcy=a92bsTBLNPLLfC9ptuhYvxQeXKE%3D,POST,AiMeiTuan /Xiaomi-6.0.1-MI 4LTE-1920x1080-480-6.8.1-381-865931022792071-wandoujia,»¿
/meishi/group/MeishiGroupapiService/v0?__vhost=api.meishi.meituan.com&utm_source=wandoujia&utm_medium=android&utm_term=381&version_name=6.8.1&utm_content=865931022792071&utm_campaign=AgroupBgroupC0D200E0Ghomepage_category1_1__a1__gfood&ci=1&msid=8659310227920711464515491394&uuid=521BF886936908E7E1A697E70B264C5B3B1280683785440C9BF1C463CF51E893&userid=65687079&__reqTraceID=051863d5-89a6-41f4-b158-de252c333046&__skck=6a375bce8c66a0dc293860dfa83833ef&__skts=1464515517376&__skua=594476d291cbea2d29902a8d800824bd&__skno=a3671265-53ee-4011-87fb-787701112da1&__skcy=JlvIZ96gYylNlPKMJIfCi0H31%2Fg%3D,POST,AiMeiTuan /Xiaomi-6.0.1-MI 4LTE-1920x1080-480-6.8.1-381-865931022792071-wandoujia,»¿
/meishi/group/MeishiGroupapiService/v0?__vhost=api.meishi.meituan.com&utm_source=wandoujia&utm_medium=android&utm_term=381&version_name=6.8.1&utm_content=865931022792071&utm_campaign=AgroupBgroupC0D200E0Ghomepage_category1_1__a1__gfood&ci=1&msid=8659310227920711464515491394&uuid=521BF886936908E7E1A697E70B264C5B3B1280683785440C9BF1C463CF51E893&userid=65687079&__reqTraceID=f6c27bad-7bd8-4c2d-934b-186f83a9dfe4&__skck=6a375bce8c66a0dc293860dfa83833ef&__skts=1464515517409&__skua=594476d291cbea2d29902a8d800824bd&__skno=53a961fb-48bc-4d30-bd78-e3a819d5d7ec&__skcy=NLoVwv9h4pntUafyctEnsJxEx6E%3D,POST,AiMeiTuan /Xiaomi-6.0.1-MI 4LTE-1920x1080-480-6.8.1-381-865931022792071-wandoujia,»¿
/advert/v3/adverts?cityid=1&category=1&version=6.8.1&new=0&app=group&clienttp=android&devid=865931022792071&uid=&movieid=&partner=0&apptype=0&smId=&__vhost=api.mobile.meituan.com&utm_source=wandoujia&utm_medium=android&utm_term=381&version_name=6.8.1&utm_content=865931022792071&utm_campaign=AgroupBgroupC0D200E0Ghomepage_category1_1__a1__gfood&ci=1&msid=8659310227920711464515491394&uuid=521BF886936908E7E1A697E70B264C5B3B1280683785440C9BF1C463CF51E893&userid=65687079&__reqTraceID=4b61212a-4fcd-406c-8646-3a8698db27fc&__skck=6a375bce8c66a0dc293860dfa83833ef&__skts=1464515517490&__skua=594476d291cbea2d29902a8d800824bd&__skno=7ecfd838-5c6c-412a-84c2-7604b25be753&__skcy=Kg5cEJmSs7wg6vJP00iLwFgm8N4%3D,GET,AiMeiTuan /Xiaomi-6.0.1-MI 4LTE-1920x1080-480-6.8.1-381-865931022792071-wandoujia,
/meishi/filter/v4/deal/select/city/1/cate/1?sort=defaults&mypos=39.917966%2C116.68604&ci=1&hasGroup=true&mpt_cate1=-1&mpt_cate2=1&wifi-name=360%08TP-LINK_DC32%08MF910S_9EBDCD%08CMCC%08&wifi-mac=00%3A87%3A46%3A0c%3A61%3Abd%0824%3A69%3A68%3A35%3Adc%3A32%08d0%3A5b%3Aa8%3A9e%3Abd%3Acd%0800%3A27%3A1d%3A07%3A87%3A5d%08&wifi-strength=-15%08-69%08-71%08-73%08&wifi-cur=0&offset=0&limit=25&client=android&__vhost=api.meishi.meituan.com&utm_source=wandoujia&utm_medium=android&utm_term=381&version_name=6.8.1&utm_content=865931022792071&utm_campaign=AgroupBgroupC0D200E0Ghomepage_category1_1__a1__gfood&msid=8659310227920711464515491394&uuid=521BF886936908E7E1A697E70B264C5B3B1280683785440C9BF1C463CF51E893&userid=65687079&__reqTraceID=b4574d74-0f45-45a8-909f-7c6bf6d651d5&__skck=6a375bce8c66a0dc293860dfa83833ef&__skts=1464515517484&__skua=594476d291cbea2d29902a8d800824bd&__skno=dcaba900-7d32-4f34-a108-8d42b58e24f3&__skcy=DJ8tLn1DPMsHmspultmiCARj1Y4%3D,GET,AiMeiTuan /Xiaomi-6.0.1-MI 4LTE-1920x1080-480-6.8.1-381-865931022792071-wandoujia,
"/group/v1/city/latlng/39.91769,116.68581?tag=0&__vhost=api.mobile.meituan.com&utm_source=wandoujia&utm_medium=android&utm_term=381&version_name=6.8.1&utm_content=865931022792071&utm_campaign=AgroupBgroupC0D200E0Ghomepage_category1_1__a1__gfood&ci=1&msid=8659310227920711464515491394&uuid=521BF886936908E7E1A697E70B264C5B3B1280683785440C9BF1C463CF51E893&userid=65687079&__reqTraceID=dc6062d3-d31c-47ce-9b97-1a4bb0c27904&__skck=6a375bce8c66a0dc293860dfa83833ef&__skts=1464515519385&__skua=594476d291cbea2d29902a8d800824bd&__skno=b3303f52-d43c-4cb9-b9fb-3db0e21bdee6&__skcy=d2AWfBMgeUznig8pxpXlX596YC8%3D",GET,AiMeiTuan /Xiaomi-6.0.1-MI 4LTE-1920x1080-480-6.8.1-381-865931022792071-wandoujia,
/200.120/mogu/29788680ead7902b1619f57eebbd0f28375620.jpg.webp,GET,okhttp/2.7.5,
/200.120/deal/60f97a1e2d7764fabe603ea8def47e5288169.jpg.webp,GET,okhttp/2.7.5,
/200.120/deal/459be0285648009801ac40e9dc5833f9137990.jpg.webp,GET,okhttp/2.7.5,
/200.120/poi/18a903cdd9bb834f7441393877697350110592.jpg.webp,GET,okhttp/2.7.5,
/200.120/deal/2bd0a6b3060155588026a927968e5acc399048.jpg.webp,GET,okhttp/2.7.5,
/200.120/poi/fd2aa9dda6ffd0fde740556cb1bad26b88251.jpg.webp,GET,okhttp/2.7.5,
/api/cpv/action?adshop_id=19609613&launch_city_id=2&lng=116.68604&bu=18&pos=1&adidx=9&page_city_id=2&mtlaunch_city_id=1&mtcategory_ids=1&bg=0&slot=50011&lat=39.917966&mtpage_city_id=1&mtdpid=521BF886936908E7E1A697E70B264C5B3B1280683785440C9BF1C463CF51E893&mtadshop_id=40485980&rmp=LbTaJipwhcnAXhXHilsv-SSwkDVkSMO9Gs268muB&category_id=113&target_id=178529&request_id=2380428100929575152&user_agent=android&ad=20133318&sver=2&display_id=50011&client_version=6.8.1&act=3&utm_source=wandoujia&utm_medium=android&utm_term=381&version_name=6.8.1&utm_content=865931022792071&utm_campaign=AgroupBgroupC0D200E0Ghomepage_category1_1__a1__gfood&ci=1&msid=8659310227920711464515491394&uuid=521BF886936908E7E1A697E70B264C5B3B1280683785440C9BF1C463CF51E893&userid=65687079&__reqTraceID=3d343a61-b28a-41aa-a136-c3a636b0e883&__skck=6a375bce8c66a0dc293860dfa83833ef&__skts=1464515526013&__skua=594476d291cbea2d29902a8d800824bd&__skno=7a628a34-6b23-426f-803a-122f6af056bf&__skcy=R9tmzDII2TAqRLWYeexweZncSUM%3D,GET,AiMeiTuan /Xiaomi-6.0.1-MI 4LTE-1920x1080-480-6.8.1-381-865931022792071-wandoujia,
/200.120/deal/134e504e77643429a0583cb00dc0062744064.jpg.webp,GET,okhttp/2.7.5,
/200.120/shopmainpic/dc2ce15b4a68c0a85c4c34958338026018643.jpg.webp,GET,okhttp/2.7.5,
/api/cpv/action?adshop_id=65699051&launch_city_id=2&lng=116.68604&bu=2&pos=1&adidx=11&page_city_id=2&mtlaunch_city_id=1&mtcategory_ids=1&bg=0&slot=50011&lat=39.917966&mtpage_city_id=1&mtdpid=521BF886936908E7E1A697E70B264C5B3B1280683785440C9BF1C463CF51E893&mtadshop_id=97074510&rmp=awNDYw9XYX0Gzz13xxx68SS1cS32JOM5vjDOZiwP&category_id=114&target_id=338581&request_id=2380428100929575152&user_agent=android&ad=20196236&sver=2&display_id=50011&client_version=6.8.1&act=3&utm_source=wandoujia&utm_medium=android&utm_term=381&version_name=6.8.1&utm_content=865931022792071&utm_campaign=AgroupBgroupC0D200E0Ghomepage_category1_1__a1__gfood&ci=1&msid=8659310227920711464515491394&uuid=521BF886936908E7E1A697E70B264C5B3B1280683785440C9BF1C463CF51E893&userid=65687079&__reqTraceID=097f381b-c431-4764-9f00-4ea6da8ed2b0&__skck=6a375bce8c66a0dc293860dfa83833ef&__skts=1464515529880&__skua=594476d291cbea2d29902a8d800824bd&__skno=89cc241c-cac7-474f-aebb-0dd172558958&__skcy=pWrXcOuff0tmIgG03xmJKBS84LM%3D,GET,AiMeiTuan /Xiaomi-6.0.1-MI 4LTE-1920x1080-480-6.8.1-381-865931022792071-wandoujia,
/200.120/deal/__45986240__6342160.jpg.webp,GET,okhttp/2.7.5,
/sup/image/icon_queue_w.png,GET,okhttp/2.7.5,
/sup/image/icon_queue_w.png,GET,okhttp/2.7.5,
/200.120/deal/702a478b9b583ed28233990a00b7ed80249530.jpg.webp,GET,okhttp/2.7.5,
/api/cpv/action?adshop_id=20942047&launch_city_id=2&lng=116.68604&bu=18&pos=1&adidx=12&page_city_id=2&mtlaunch_city_id=1&mtcategory_ids=1&bg=0&slot=50011&lat=39.917966&mtpage_city_id=1&mtdpid=521BF886936908E7E1A697E70B264C5B3B1280683785440C9BF1C463CF51E893&mtadshop_id=41082659&rmp=GFbH3D_UMSRPD2qdnYmN9TNkmGzRap2DT9mjFKp3&category_id=102&target_id=362235&request_id=2380428100929575152&user_agent=android&ad=20147931&sver=2&display_id=50011&client_version=6.8.1&act=3&utm_source=wandoujia&utm_medium=android&utm_term=381&version_name=6.8.1&utm_content=865931022792071&utm_campaign=AgroupBgroupC0D200E0Ghomepage_category1_1__a1__gfood&ci=1&msid=8659310227920711464515491394&uuid=521BF886936908E7E1A697E70B264C5B3B1280683785440C9BF1C463CF51E893&userid=65687079&__reqTraceID=2186a592-5fc8-4714-af13-cd4c0c605e5e&__skck=6a375bce8c66a0dc293860dfa83833ef&__skts=1464515531567&__skua=594476d291cbea2d29902a8d800824bd&__skno=e601ed57-ba07-44ff-911e-b51b4a310d63&__skcy=iUxzQ%2BKOl7VQigRfXOWYkGnkX50%3D,GET,AiMeiTuan /Xiaomi-6.0.1-MI 4LTE-1920x1080-480-6.8.1-381-865931022792071-wandoujia,
/200.120/deal/80cc2f7bf1292fadb9c01ce44d49a9ce40787.jpg.webp,GET,okhttp/2.7.5,
/800.480/deal/134e504e77643429a0583cb00dc0062744064.jpg.webp,GET,okhttp/2.7.5,
/meishi/poi/v1/poi/265247/imgs?classified=true&mpt_poiid=265247&__vhost=api.meishi.meituan.com&utm_source=wandoujia&utm_medium=android&utm_term=381&version_name=6.8.1&utm_content=865931022792071&utm_campaign=AgroupBgroupC0D200E2161860148313631232_a265247_c9_e11345676174527809100Ghomepage_category1_1__a1__gfood__hpoilist__i10&ci=1&msid=8659310227920711464515491394&uuid=521BF886936908E7E1A697E70B264C5B3B1280683785440C9BF1C463CF51E893&userid=65687079&__reqTraceID=4a82b2aa-5238-457e-b963-a7679d94a92d&__skck=6a375bce8c66a0dc293860dfa83833ef&__skts=1464515534448&__skua=594476d291cbea2d29902a8d800824bd&__skno=753a962a-9759-4039-aa03-ab2113432b57&__skcy=hiXkXOhYEt4VXLseTc1gy%2FOr0%2BU%3D,GET,AiMeiTuan /Xiaomi-6.0.1-MI 4LTE-1920x1080-480-6.8.1-381-865931022792071-wandoujia,
/meishi/poi/v1/poi/extend/configs?poiid=265247&__vhost=api.meishi.meituan.com&utm_source=wandoujia&utm_medium=android&utm_term=381&version_name=6.8.1&utm_content=865931022792071&utm_campaign=AgroupBgroupC0D200E2161860148313631232_a265247_c9_e11345676174527809100Ghomepage_category1_1__a1__gfood__hpoilist__i10&ci=1&msid=8659310227920711464515491394&uuid=521BF886936908E7E1A697E70B264C5B3B1280683785440C9BF1C463CF51E893&userid=65687079&__reqTraceID=ba361528-e8a5-4c28-b0da-142c4d41143b&__skck=6a375bce8c66a0dc293860dfa83833ef&__skts=1464515534447&__skua=594476d291cbea2d29902a8d800824bd&__skno=f26a570f-0804-40fa-a27d-bb975f45dfda&__skcy=XAE%2BG5XHriITe8x%2Bat0Wud5zhKs%3D,GET,AiMeiTuan /Xiaomi-6.0.1-MI 4LTE-1920x1080-480-6.8.1-381-865931022792071-wandoujia,
/poi/265247/dpfeedbackmin?f=android&token=JXylHXJemQmAyrBVhhJTQJJ4pqoAAAAAOgIAAKpw00653emR9wW8FN8VNTQFUzOIQiUmsqZLP2s8zLY1o7JFFVo7Zr96yF8E70EaRQ&userid=65687079&lat=39.91769&lng=116.68581&utm_device=MI%204LTE&utm_source=wandoujia&utm_medium=android&utm_term=381&version_name=6.8.1&utm_content=865931022792071&utm_campaign=AgroupBgroupC0D200E2161860148313631232_a265247_c9_e11345676174527809100Ghomepage_category1_1__a1__gfood__hpoilist__i10&ci=1&msid=8659310227920711464515491394&uuid=521BF886936908E7E1A697E70B264C5B3B1280683785440C9BF1C463CF51E893,GET,"Mozilla/5.0 (Linux; Android 6.0.1; MI 4LTE Build/MMB29M; wv) AppleWebKit/537.36 (KHTML, like Gecko) Version/4.0 Chrome/48.0.2564.71 Mobile Safari/537.36",
/combo/?f=touch/module/common/msg.css.882c2e03.js;touch/module/zepto.2215a202.js;touch/module/common/msg.b555e7bf.js,GET,"Mozilla/5.0 (Linux; Android 6.0.1; MI 4LTE Build/MMB29M; wv) AppleWebKit/537.36 (KHTML, like Gecko) Version/4.0 Chrome/48.0.2564.71 Mobile Safari/537.36",
/combo/?f=touch/module/util/cookie.b92e68a7.js;touch/module/mjs.a0eb2667.js;touch/module/util/i_extend.a5a93765.js;touch/module/page/landingsession.f83c8f6b.js;touch/module/count.89957e50.js;touch/module/com/pagecommon.ee0a47f2.js,GET,"Mozilla/5.0 (Linux; Android 6.0.1; MI 4LTE Build/MMB29M; wv) AppleWebKit/537.36 (KHTML, like Gecko) Version/4.0 Chrome/48.0.2564.71 Mobile Safari/537.36",
/meishi/poi/v1/poi/featuredMenus/265247?token=JXylHXJemQmAyrBVhhJTQJJ4pqoAAAAAOgIAAKpw00653emR9wW8FN8VNTQFUzOIQiUmsqZLP2s8zLY1o7JFFVo7Zr96yF8E70EaRQ&mpt_poiid=265247&__vhost=api.meishi.meituan.com&utm_source=wandoujia&utm_medium=android&utm_term=381&version_name=6.8.1&utm_content=865931022792071&utm_campaign=AgroupBgroupC0D200E2161860148313631232_a265247_c9_e11345676174527809100Ghomepage_category1_1__a1__gfood__hpoilist__i10&ci=1&msid=8659310227920711464515491394&uuid=521BF886936908E7E1A697E70B264C5B3B1280683785440C9BF1C463CF51E893&userid=65687079&__reqTraceID=e1e7023e-a47f-4654-a7d9-7b0f6ecc64c7&__skck=6a375bce8c66a0dc293860dfa83833ef&__skts=1464515535426&__skua=594476d291cbea2d29902a8d800824bd&__skno=587fd9e9-7b36-4185-b5de-8882f27fe584&__skcy=7rdhWJrW5hPTP22BHpvDilWSITU%3D,GET,AiMeiTuan /Xiaomi-6.0.1-MI 4LTE-1920x1080-480-6.8.1-381-865931022792071-wandoujia,
/group/v1/recommend/nearstoredeals/poi/265247?mpt_poiid=265247&__vhost=api.mobile.meituan.com&utm_source=wandoujia&utm_medium=android&utm_term=381&version_name=6.8.1&utm_content=865931022792071&utm_campaign=AgroupBgroupC0D200E2161860148313631232_a265247_c9_e11345676174527809100Ghomepage_category1_1__a1__gfood__hpoilist__i10&ci=1&msid=8659310227920711464515491394&uuid=521BF886936908E7E1A697E70B264C5B3B1280683785440C9BF1C463CF51E893&userid=65687079&__reqTraceID=10c0f575-f0a7-404e-81f5-2d9d0c02bd73&__skck=6a375bce8c66a0dc293860dfa83833ef&__skts=1464515535439&__skua=594476d291cbea2d29902a8d800824bd&__skno=3f26632a-ddc0-4d10-abb9-4d4f3a1587f4&__skcy=Jc%2BIrv5ms%2BfprjlbTl6g%2Bg8wffs%3D,GET,AiMeiTuan /Xiaomi-6.0.1-MI 4LTE-1920x1080-480-6.8.1-381-865931022792071-wandoujia,
/movie/ba3b549a88093b49d59cbe0d887d818b134243.jpg,GET,okhttp/2.7.5,
/movie/45ba3d482787b3c851fc237f76b252281338.png,GET,okhttp/2.7.5,
/_.gif?rt=1464515534822&st=1464515534867&dt=1464515534925&lt=1464515534952&expire=0&page=100422&pt_start=1464515534621&pt_index=0%2C-1%2C-1%2C-1%2C-1%2C11%2C30%2C31%2C31%2C201%2C-1%2C91%2C204%2C213%2C217%2C314%2C314%2C316%2C342%2C342%2C343&pn_redirect=0&pn_type=0,GET,"Mozilla/5.0 (Linux; Android 6.0.1; MI 4LTE Build/MMB29M; wv) AppleWebKit/537.36 (KHTML, like Gecko) Version/4.0 Chrome/48.0.2564.71 Mobile Safari/537.36",
/0.160/deal/134e504e77643429a0583cb00dc0062744064.jpg.webp,GET,okhttp/2.7.5,
/t.gif?tanx_nid=109932508&tanx_cm&wap=1,GET,"Mozilla/5.0 (Linux; Android 6.0.1; MI 4LTE Build/MMB29M; wv) AppleWebKit/537.36 (KHTML, like Gecko) Version/4.0 Chrome/48.0.2564.71 Mobile Safari/537.36",
/midasmkt/mtajax/shopPairAdsApp?viewShopId=265247&cityId=1&slotId=50004&poi_city_id=1&mtabtest=ab_ads_b_group_68_ads_rec__b__b&poi_lat=39.92754&lat=39.91769&lng=116.68581&poi_shopname=%E7%A6%8F%E5%85%B0%E5%BE%B7%E9%85%92%E6%A5%BC(%E9%BE%99%E6%97%BA%E5%BA%84%E5%BA%97)&poi_lng=116.68638&channel=food&categoryIds=1%2C20557%2C20426%2C20560%2C24%2C20068%2C20625%2C20427,POST,AiMeiTuan/Xiaomi-6.0.1-MI 4LTE-1920x1080-480-6.8.1-381-null-wandoujia,"{""wifi_use"":{""ssid"":""360"",""mac"":""00:87:46:0c:61:bd"",""intensity"":""-16""},""wifi_env"":[{""ssid"":""MF910S_9EBDCD"",""mac"":""d0:5b:a8:9e:bd:cd"",""intensity"":""-66""},{""ssid"":""TP-LINK_DC32"",""mac"":""24:69:68:35:dc:32"",""intensity"":""-69""},{""ssid"":""CMCC"",""mac"":""00:27:1d:07:87:5d"",""intensity"":""-71""},{""ssid"":""CMCC-WEB"",""mac"":""00:27:1d:06:87:5d"",""intensity"":""-72""}]}"
/0.160/deal/d2e22b5f2140b247a0afd3be17ca857630439.jpg.webp,GET,okhttp/2.7.5,
/0.160/deal/964b813a9656cc65814ec5d9cd87c6bd12777.jpg.webp,GET,okhttp/2.7.5,
/0.160/deal/__50070907__6967640.jpg.webp,GET,okhttp/2.7.5,
/180.160/poi/c3e5040105f23c733e6a057e633a4d17106496.jpg,GET,okhttp/2.7.5,
/180.160/deal/4d876448228a85df29bbf5b298376928470669.jpg,GET,okhttp/2.7.5,
/180.160/mogu/ca58ebda9c6c2acff9b96c3eb8a75e69100754.jpg,GET,okhttp/2.7.5,
/180.160/poi/491fcaabf03018eaa243a593467b5dec100352.jpg,GET,okhttp/2.7.5,
/180.160/deal/__39519895__9259605.jpg,GET,okhttp/2.7.5,
/180.160/deal/9037f4710902bb7235868389faa088c093794.jpg,GET,okhttp/2.7.5,
/180.160/poi/872b50d701247dade7a689f145b8304381920.jpg,GET,okhttp/2.7.5,
/180.160/poi/fb418461470527d6bc2375e00b87883e139264.jpg,GET,okhttp/2.7.5,
/180.160/deal/__22067385__2600390.jpg,GET,okhttp/2.7.5,
/180.160/mogu/38da0f17cc709564f18ccc4e9ff9573570427.jpg,GET,okhttp/2.7.5,
/180.160/deal/6270f3f89047afda634924703f9d3c59108318.jpg,GET,okhttp/2.7.5,
/t.gif?tanx_nid=109932508&tanx_cm&wap=1,GET,"Mozilla/5.0 (Linux; Android 6.0.1; MI 4LTE Build/MMB29M; wv) AppleWebKit/537.36 (KHTML, like Gecko) Version/4.0 Chrome/48.0.2564.71 Mobile Safari/537.36",
/180.160/poi/dc29bb142ab21f08479ddad9e4323f59116736.jpg,GET,okhttp/2.7.5,
/180.160/deal/45dbb06c298fba0074901e0d2d8f29a9102405.jpg,GET,okhttp/2.7.5,
/180.160/mogu/79591c85998d84d4d40ca3bd8a2f5a1b236229.jpg,GET,okhttp/2.7.5,
/180.160/poi/e45f5a275f634e806879356fe7d75e9f135168.jpg,GET,okhttp/2.7.5,
/180.160/mogu/bf62861d928028cb106590cdbb93b7e249058.jpg,GET,okhttp/2.7.5,
/180.160/shopmainpic/7cdc607d0630abc01fc0c1dcd95447ae3078150.jpg,GET,okhttp/2.7.5,
/cm.gif?url=http%3A%2F%2Fcms.tanx.com%2Ft.gif%3Ftanx_nid%3D109932508%26tanx_cm%26wap%3D1,GET,"Mozilla/5.0 (Linux; Android 6.0.1; MI 4LTE Build/MMB29M; wv) AppleWebKit/537.36 (KHTML, like Gecko) Version/4.0 Chrome/48.0.2564.71 Mobile Safari/537.36",
/180.160/poi/f1165a8293fdad9761c87ab753254e9c92160.jpg,GET,okhttp/2.7.5,
/t.gif?tanx_nid=109932508&tanx_cm&wap=1&cna=0anRD+zGfRcCAWp5TWDnlow8,GET,"Mozilla/5.0 (Linux; Android 6.0.1; MI 4LTE Build/MMB29M; wv) AppleWebKit/537.36 (KHTML, like Gecko) Version/4.0 Chrome/48.0.2564.71 Mobile Safari/537.36",
/coomap?tanx_ver=1&wap=1&tanx_tid=DixxUaQJNmQ%3D&adx=tanx,GET,"Mozilla/5.0 (Linux; Android 6.0.1; MI 4LTE Build/MMB29M; wv) AppleWebKit/537.36 (KHTML, like Gecko) Version/4.0 Chrome/48.0.2564.71 Mobile Safari/537.36",
/200.120/mogu/bf62861d928028cb106590cdbb93b7e249058.jpg.webp,GET,okhttp/2.7.5,
/200.120/deal/__50239456__6118432.jpg.webp,GET,okhttp/2.7.5,
/api/cpv/action?adshop_id=20885480&launch_city_id=2&lng=116.68604&bu=2&pos=1&adidx=13&page_city_id=2&mtlaunch_city_id=1&mtcategory_ids=1&bg=0&slot=50011&lat=39.917966&mtpage_city_id=1&mtdpid=521BF886936908E7E1A697E70B264C5B3B1280683785440C9BF1C463CF51E893&mtadshop_id=41393639&rmp=Q3hcORidKnLLXw8chEyh14FVMk12rhYlSL_cAJDc&category_id=101&target_id=22185&request_id=2380428100929575152&user_agent=android&ad=20029640&sver=2&display_id=50011&client_version=6.8.1&act=3&utm_source=wandoujia&utm_medium=android&utm_term=381&version_name=6.8.1&utm_content=865931022792071&utm_campaign=AgroupBgroupC0D200E2161860148313631232_a265247_c9_e11345676174527809100Ghomepage_category1_1__a1__gfood&ci=1&msid=8659310227920711464515491394&uuid=521BF886936908E7E1A697E70B264C5B3B1280683785440C9BF1C463CF51E893&userid=65687079&__reqTraceID=6750fc8c-42cb-4bf0-91ca-3c2ce1c79c59&__skck=6a375bce8c66a0dc293860dfa83833ef&__skts=1464515544254&__skua=594476d291cbea2d29902a8d800824bd&__skno=70961af5-696e-4a9f-b8bc-a9ec9e89bb6d&__skcy=mXagB%2F2OB5mNMQ3OP2l5KPmGTl0%3D,GET,AiMeiTuan /Xiaomi-6.0.1-MI 4LTE-1920x1080-480-6.8.1-381-865931022792071-wandoujia,
/api/cpv/action?adshop_id=20929239&launch_city_id=2&lng=116.68604&bu=18&pos=1&adidx=15&page_city_id=2&mtlaunch_city_id=1&mtcategory_ids=1&bg=0&slot=50011&lat=39.917966&mtpage_city_id=1&mtdpid=521BF886936908E7E1A697E70B264C5B3B1280683785440C9BF1C463CF51E893&mtadshop_id=41963375&rmp=mH8MJL-KTWYuepR0SYjo2e_Kgx7umtFgIa4spoaZ&category_id=113&target_id=300307&request_id=2380428100929575152&user_agent=android&ad=20161411&sver=2&display_id=50011&client_version=6.8.1&act=3&utm_source=wandoujia&utm_medium=android&utm_term=381&version_name=6.8.1&utm_content=865931022792071&utm_campaign=AgroupBgroupC0D200E2161860148313631232_a265247_c9_e11345676174527809100Ghomepage_category1_1__a1__gfood&ci=1&msid=8659310227920711464515491394&uuid=521BF886936908E7E1A697E70B264C5B3B1280683785440C9BF1C463CF51E893&userid=65687079&__reqTraceID=9182ae99-b3bd-43a2-b492-d0189b0cafb2&__skck=6a375bce8c66a0dc293860dfa83833ef&__skts=1464515544727&__skua=594476d291cbea2d29902a8d800824bd&__skno=c6fb5904-cdeb-4cff-8566-58d7da527afd&__skcy=yg1UImw2CvpDpjB87Q49NRTchZ0%3D,GET,AiMeiTuan /Xiaomi-6.0.1-MI 4LTE-1920x1080-480-6.8.1-381-865931022792071-wandoujia,
/group/v1/recommend/homepage/inteligent/1?uuid=521BF886936908E7E1A697E70B264C5B3B1280683785440C9BF1C463CF51E893&userid=65687079&position=39.91769%2C116.68581&wifi-name=360%08MF910S_9EBDCD%08TP-LINK_DC32%08CMCC%08CMCC-WEB%08and-Business%08&wifi-mac=00%3A87%3A46%3A0c%3A61%3Abd%08d0%3A5b%3Aa8%3A9e%3Abd%3Acd%0824%3A69%3A68%3A35%3Adc%3A32%0800%3A27%3A1d%3A07%3A87%3A5d%0800%3A27%3A1d%3A06%3A87%3A5d%0800%3A27%3A1d%3A08%3A87%3A5d%08&wifi-strength=-16%08-63%08-69%08-75%08-76%08-76%08&wifi-cur=0&__vhost=api.mobile.meituan.com&utm_source=wandoujia&utm_medium=android&utm_term=381&version_name=6.8.1&utm_content=865931022792071&utm_campaign=AgroupBgroupC0D200E2161860148313631232_a265247_c9_e11345676174527809100&ci=1&msid=8659310227920711464515491394&__reqTraceID=3d490252-50db-451d-9de6-e0053359103f&__skck=6a375bce8c66a0dc293860dfa83833ef&__skts=1464515544896&__skua=594476d291cbea2d29902a8d800824bd&__skno=19af4b02-7248-45f2-baa9-94f7a60fc374&__skcy=x40bPkIXNpXWQVliL7VYDkKuXg0%3D,GET,AiMeiTuan /Xiaomi-6.0.1-MI 4LTE-1920x1080-480-6.8.1-381-865931022792071-wandoujia,
/emember/showAdvCellWhenCinemaList.json?cityId=1&lat=39.91769&lng=116.68581&__vhost=api.maoyan.com&utm_source=wandoujia&utm_medium=android&utm_term=381&version_name=6.8.1&utm_content=865931022792071&utm_campaign=AgroupBgroupC0D200E2161860148313631232_a265247_c9_e11345676174527809100Ghomepage_category2_99__a1&ci=1&msid=8659310227920711464515491394&uuid=521BF886936908E7E1A697E70B264C5B3B1280683785440C9BF1C463CF51E893&userid=65687079&__reqTraceID=21b94517-7e5c-4977-bd0a-772b129b3ad5&__skck=6a375bce8c66a0dc293860dfa83833ef&__skts=1464515546297&__skua=594476d291cbea2d29902a8d800824bd&__skno=b759771e-4480-42cf-9810-0fb57c89dd93&__skcy=cRg2KZnIuhw5O1qhNL5GBNyy6iE%3D,GET,AiMeiTuan /Xiaomi-6.0.1-MI 4LTE-1920x1080-480-6.8.1-381-865931022792071-wandoujia,
/mmdb/movie/v2/list/hot.json?ct=%E5%8C%97%E4%BA%AC&offset=0&limit=12&__vhost=api.maoyan.com&utm_source=wandoujia&utm_medium=android&utm_term=381&version_name=6.8.1&utm_content=865931022792071&utm_campaign=AgroupBgroupC0D200E2161860148313631232_a265247_c9_e11345676174527809100Ghomepage_category2_99__a1&ci=1&msid=8659310227920711464515491394&uuid=521BF886936908E7E1A697E70B264C5B3B1280683785440C9BF1C463CF51E893&userid=65687079&__reqTraceID=39312419-dcbb-4593-bbeb-6b8a58003e12&__skck=6a375bce8c66a0dc293860dfa83833ef&__skts=1464515546385&__skua=594476d291cbea2d29902a8d800824bd&__skno=61bbc072-924d-4428-9f0c-94a32850d5d4&__skcy=nB%2BLZlqWu5KsIk3kEEecIUUO7TU%3D,GET,AiMeiTuan /Xiaomi-6.0.1-MI 4LTE-1920x1080-480-6.8.1-381-865931022792071-wandoujia,
/group/v5/movie/count/brand/city/1?__vhost=api.maoyan.com&utm_source=wandoujia&utm_medium=android&utm_term=381&version_name=6.8.1&utm_content=865931022792071&utm_campaign=AgroupBgroupC0D200E2161860148313631232_a265247_c9_e11345676174527809100Ghomepage_category2_99__a1&ci=1&msid=8659310227920711464515491394&uuid=521BF886936908E7E1A697E70B264C5B3B1280683785440C9BF1C463CF51E893&userid=65687079&__reqTraceID=892e82e2-153a-4688-8e09-7d34fb5e2500&__skck=6a375bce8c66a0dc293860dfa83833ef&__skts=1464515546388&__skua=594476d291cbea2d29902a8d800824bd&__skno=9129ae34-e5aa-4209-83dd-690c0f6325ee&__skcy=KjobdD4QAe9ncjZq96CttPj4gf0%3D,GET,AiMeiTuan /Xiaomi-6.0.1-MI 4LTE-1920x1080-480-6.8.1-381-865931022792071-wandoujia,
/advert/v3/adverts?cityid=1&category=99&version=6.8.1&new=0&app=group&clienttp=android&devid=865931022792071&uid=65687079&movieid=&partner=0&apptype=0&smId=&__vhost=api.mobile.meituan.com&utm_source=wandoujia&utm_medium=android&utm_term=381&version_name=6.8.1&utm_content=865931022792071&utm_campaign=AgroupBgroupC0D200E2161860148313631232_a265247_c9_e11345676174527809100Ghomepage_category2_99__a1&ci=1&msid=8659310227920711464515491394&uuid=521BF886936908E7E1A697E70B264C5B3B1280683785440C9BF1C463CF51E893&userid=65687079&__reqTraceID=7c3d5955-947f-4c30-aadd-cf4dcdd8ac5b&__skck=6a375bce8c66a0dc293860dfa83833ef&__skts=1464515546418&__skua=594476d291cbea2d29902a8d800824bd&__skno=ba6bf799-4898-4646-8f5f-73436a0aadd4&__skcy=6XzYaiw7Ge3d4sZxaTbsrHutvbg%3D,GET,AiMeiTuan /Xiaomi-6.0.1-MI 4LTE-1920x1080-480-6.8.1-381-865931022792071-wandoujia,
/api/resource/list?moduleId=24&offset=0&limit=1&__vhost=aop.meituan.com&utm_source=wandoujia&utm_medium=android&utm_term=381&version_name=6.8.1&utm_content=865931022792071&utm_campaign=AgroupBgroupC0D200E2161860148313631232_a265247_c9_e11345676174527809100Ghomepage_category2_99__a1&ci=1&msid=8659310227920711464515491394&uuid=521BF886936908E7E1A697E70B264C5B3B1280683785440C9BF1C463CF51E893&userid=65687079&__reqTraceID=0cd4d71f-7b4c-4400-ab61-806f0b036e4b&__skck=6a375bce8c66a0dc293860dfa83833ef&__skts=1464515546432&__skua=594476d291cbea2d29902a8d800824bd&__skno=35fffde4-c19b-4b7c-9962-e9f23d27791d&__skcy=zp64aOFR29EnurbEqnWQDC4S5qo%3D,GET,AiMeiTuan /Xiaomi-6.0.1-MI 4LTE-1920x1080-480-6.8.1-381-865931022792071-wandoujia,
/group/v5/poi/select/city/1/cate/99?hasGroup=true&mypos=39.91769%2C116.68581&channelId=3&clientType=android&sort=defaults&mpt_cate1=-1&mpt_cate2=99&offset=0&limit=20&__vhost=api.maoyan.com&utm_source=wandoujia&utm_medium=android&utm_term=381&version_name=6.8.1&utm_content=865931022792071&utm_campaign=AgroupBgroupC0D200E2161860148313631232_a265247_c9_e11345676174527809100Ghomepage_category2_99__a1&ci=1&msid=8659310227920711464515491394&uuid=521BF886936908E7E1A697E70B264C5B3B1280683785440C9BF1C463CF51E893&userid=65687079&__reqTraceID=34ebf2dd-38a7-4369-a342-4c94f2b1c378&__skck=6a375bce8c66a0dc293860dfa83833ef&__skts=1464515546424&__skua=594476d291cbea2d29902a8d800824bd&__skno=d08f6e9f-28e5-4067-b9f8-83cde981ffcb&__skcy=eJ6hSbpN2BwOiEWGfDrMgGXD%2B5k%3D,GET,AiMeiTuan /Xiaomi-6.0.1-MI 4LTE-1920x1080-480-6.8.1-381-865931022792071-wandoujia,
/sns/movie/buttons.json?__vhost=api.maoyan.com&utm_source=wandoujia&utm_medium=android&utm_term=381&version_name=6.8.1&utm_content=865931022792071&utm_campaign=AgroupBgroupC0D200E2161860148313631232_a265247_c9_e11345676174527809100Ghomepage_category2_99__a1&ci=1&msid=8659310227920711464515491394&uuid=521BF886936908E7E1A697E70B264C5B3B1280683785440C9BF1C463CF51E893&userid=65687079&__reqTraceID=34898d37-28da-479f-9b03-9024a72ddaf5&__skck=6a375bce8c66a0dc293860dfa83833ef&__skts=1464515546437&__skua=594476d291cbea2d29902a8d800824bd&__skno=e64d33b7-c496-49e3-a369-cc49298b96ee&__skcy=K0BKpihmV%2B%2FvqRNtXRyyg9QKo9I%3D,GET,AiMeiTuan /Xiaomi-6.0.1-MI 4LTE-1920x1080-480-6.8.1-381-865931022792071-wandoujia,
/group/v1/user/65687079/poi/collections/get?token=JXylHXJemQmAyrBVhhJTQJJ4pqoAAAAAOgIAAKpw00653emR9wW8FN8VNTQFUzOIQiUmsqZLP2s8zLY1o7JFFVo7Zr96yF8E70EaRQ&cityId=1&offset=0&limit=30&selectType=poi&mypos=39.91769%2C116.68581&hasGroup=false&mpt_cate1=-1&mpt_cate2=99&sortType=defaults&__vhost=api.maoyan.com&utm_source=wandoujia&utm_medium=android&utm_term=381&version_name=6.8.1&utm_content=865931022792071&utm_campaign=AgroupBgroupC0D200E2161860148313631232_a265247_c9_e11345676174527809100Ghomepage_category2_99__a1&ci=1&msid=8659310227920711464515491394&uuid=521BF886936908E7E1A697E70B264C5B3B1280683785440C9BF1C463CF51E893&userid=65687079&__reqTraceID=298be088-1c5f-4cb0-b846-cdf38831fafa&__skck=6a375bce8c66a0dc293860dfa83833ef&__skts=1464515546440&__skua=594476d291cbea2d29902a8d800824bd&__skno=b76574e7-212c-4c8c-ac9b-d40e4c68226f&__skcy=VXHxj7X77nEsVhqPAZyJrg8Bt1Y%3D,GET,AiMeiTuan /Xiaomi-6.0.1-MI 4LTE-1920x1080-480-6.8.1-381-,
/movie/e80c3ca95c69f5e4053318b6ceb370d82729.png.webp,GET,okhttp/2.7.5,
/feop/77d3bed9d129ef5966020c1d78a93cc72103.png.webp,GET,okhttp/2.7.5,
/movie/fe1a4ebe9f128bf4dcb3413bdbb3ada82594.png.webp,GET,okhttp/2.7.5,
/movie/bbd8e14102dd2c84ac594440466e5a322363.png.webp,GET,okhttp/2.7.5,
/mmc/6f119a5d1e1a4d5b9ed7124def4a138352386.jpg.webp,GET,okhttp/2.7.5,
/movie/13ed51c3d73a31bb0bc80c9af1ae6cb72589.png.webp,GET,okhttp/2.7.5,
/150.214/movie/b721e73740601799c065affb619d837e151622.jpg.webp,GET,okhttp/2.7.5,
/150.214/movie/dbcc3eabae012da794fe4b74ed1365fc659390.jpg.webp,GET,okhttp/2.7.5,
/150.214/movie/ba2386a26648c1875e3fc780950f0ae0144875.jpg.webp,GET,okhttp/2.7.5,
/150.214/movie/f94e67dcd5b48f034bd7adc892f1b20695854.jpeg.webp,GET,okhttp/2.7.5,
/mmc/53e843fc7e75cabc887f1b77d48b691949146.jpg.webp,GET,okhttp/2.7.5,
/wtr-v2/weather/apart?cityId=101010100&device=cancro&miuiVersion=666.4.14&modDevice=&source=miuiWeatherApp,GET,Dalvik/2.1.0 (Linux; U; Android 6.0.1; MI 4LTE MIUI/666.4.14),
/wtr-v2/notice?cityId=101010100&device=cancro&miuiVersion=666.4.14&international=false&alpha=false&modDevice=&locale=zh_CN,GET,Dalvik/2.1.0 (Linux; U; Android 6.0.1; MI 4LTE MIUI/666.4.14),
/wtr-v2/weather?cityId=101010100&device=cancro&miuiVersion=666.4.14&modDevice=&source=miuiWeatherApp,GET,Dalvik/2.1.0 (Linux; U; Android 6.0.1; MI 4LTE MIUI/666.4.14),
/150.214/movie/73f8a5ba9c96f136454d737530cac56b448798.jpg.webp,GET,okhttp/2.7.5,
/150.214/movie/42a115f966e9393a7de02786d8b30c60138206.jpg.webp,GET,okhttp/2.7.5,
/150.214/movie/ef968fd382173c45b0c2d10572ca10b8354896.jpg.webp,GET,okhttp/2.7.5,
/150.214/movie/fe80bc40822d0a5f3168b73089c47d71101133.jpg.webp,GET,okhttp/2.7.5,
/150.214/movie/0b025c94df3b96628881435fb74d2726523540.jpg.webp,GET,okhttp/2.7.5,
/150.214/movie/b03af9976e913e589548ba0f65674c33203110.jpg.webp,GET,okhttp/2.7.5,
/150.214/movie/007561f399b4fc9fb95a345822c59e311126864.jpg.webp,GET,okhttp/2.7.5,
/150.214/movie/28baed18c168240bea6d137fbcfe22d8402655.jpg.webp,GET,okhttp/2.7.5,
/show/v2/movie/246188/showdays.json?ct=1&__vhost=api.maoyan.com&utm_source=wandoujia&utm_medium=android&utm_term=381&version_name=6.8.1&utm_content=865931022792071&utm_campaign=AgroupBgroupC576591972453269000_a246188_c1D200E2161860148313631232_a265247_c9_e11345676174527809100Ghomepage_category2_99__a1&ci=1&msid=8659310227920711464515491394&uuid=521BF886936908E7E1A697E70B264C5B3B1280683785440C9BF1C463CF51E893&userid=65687079&__reqTraceID=b74a7d88-eb5f-4787-b92e-246cd68a7792&__skck=6a375bce8c66a0dc293860dfa83833ef&__skts=1464515598124&__skua=594476d291cbea2d29902a8d800824bd&__skno=0d60d132-f339-45e7-bfd3-a41a5e0fca31&__skcy=ZmMp7G%2FD879be4DnNB36k5uOqIE%3D,GET,AiMeiTuan /Xiaomi-6.0.1-MI 4LTE-1920x1080-480-6.8.1-381-865931022792071-wandoujia,
/mmdb/movie/v5/246188.json?token=JXylHXJemQmAyrBVhhJTQJJ4pqoAAAAAOgIAAKpw00653emR9wW8FN8VNTQFUzOIQiUmsqZLP2s8zLY1o7JFFVo7Zr96yF8E70EaRQ&__vhost=api.maoyan.com&utm_source=wandoujia&utm_medium=android&utm_term=381&version_name=6.8.1&utm_content=865931022792071&utm_campaign=AgroupBgroupC576591972453269000_a246188_c1D200E2161860148313631232_a265247_c9_e11345676174527809100Ghomepage_category2_99__a1&ci=1&msid=8659310227920711464515491394&uuid=521BF886936908E7E1A697E70B264C5B3B1280683785440C9BF1C463CF51E893&userid=65687079&__reqTraceID=a5e79715-db3d-450d-82ad-1ef7642125fe&__skck=6a375bce8c66a0dc293860dfa83833ef&__skts=1464515598132&__skua=594476d291cbea2d29902a8d800824bd&__skno=d67551db-a79a-4bf8-94a2-dc19eabf0f91&__skcy=zlgjVV3Rrja%2Fm30bRCpqqAVkgMo%3D,GET,AiMeiTuan /Xiaomi-6.0.1-MI 4LTE-1920x1080-480-6.8.1-381-865931022792071-wandoujia,
/group/v5/movie/count/brand/city/1?__vhost=api.maoyan.com&utm_source=wandoujia&utm_medium=android&utm_term=381&version_name=6.8.1&utm_content=865931022792071&utm_campaign=AgroupBgroupC576591972453269000_a246188_c1D200E2161860148313631232_a265247_c9_e11345676174527809100Ghomepage_category2_99__a1&ci=1&msid=8659310227920711464515491394&uuid=521BF886936908E7E1A697E70B264C5B3B1280683785440C9BF1C463CF51E893&userid=65687079&__reqTraceID=aec23e4d-a0a7-4d7a-8f91-0d18aa9e5aeb&__skck=6a375bce8c66a0dc293860dfa83833ef&__skts=1464515598147&__skua=594476d291cbea2d29902a8d800824bd&__skno=7c81f736-bdfd-4dda-a705-62c0e401ca68&__skcy=CjXlTnFRe8Br17UahmVvTIVwSrQ%3D,GET,AiMeiTuan /Xiaomi-6.0.1-MI 4LTE-1920x1080-480-6.8.1-381-865931022792071-wandoujia,
/group/v5/poi/select/city/1/movie/246188?hasGroup=true&mypos=39.91769%2C116.68581&movieDate=20160529&sort=distance&mpt_cate1=-1&mpt_cate2=99&offset=0&limit=20&__vhost=api.maoyan.com&utm_source=wandoujia&utm_medium=android&utm_term=381&version_name=6.8.1&utm_content=865931022792071&utm_campaign=AgroupBgroupC576591972453269000_a246188_c1D200E2161860148313631232_a265247_c9_e11345676174527809100Ghomepage_category2_99__a1&ci=1&msid=8659310227920711464515491394&uuid=521BF886936908E7E1A697E70B264C5B3B1280683785440C9BF1C463CF51E893&userid=65687079&__reqTraceID=4eede442-9e44-4179-9a03-45427f58b718&__skck=6a375bce8c66a0dc293860dfa83833ef&__skts=1464515598326&__skua=594476d291cbea2d29902a8d800824bd&__skno=5fcead42-8f8f-46da-888b-2d339028bcf0&__skcy=9ZE95K1k4dpoOBlgK3vJ7J6nk%2FM%3D,GET,AiMeiTuan /Xiaomi-6.0.1-MI 4LTE-1920x1080-480-6.8.1-381-865931022792071-wandoujia,
/440.267/movie/b721e73740601799c065affb619d837e151622.jpg.webp,GET,okhttp/2.7.5,
/group/v5/poi/select/city/1/movie/246188?hasGroup=true&mypos=39.91769%2C116.68581&movieDate=20160530&sort=distance&mpt_cate1=-1&mpt_cate2=99&offset=0&limit=20&__vhost=api.maoyan.com&utm_source=wandoujia&utm_medium=android&utm_term=381&version_name=6.8.1&utm_content=865931022792071&utm_campaign=AgroupBgroupC576591972453269000_a246188_c1D200E2161860148313631232_a265247_c9_e11345676174527809100Ghomepage_category2_99__a1&ci=1&msid=8659310227920711464515491394&uuid=521BF886936908E7E1A697E70B264C5B3B1280683785440C9BF1C463CF51E893&userid=65687079&__reqTraceID=160971b1-feb2-4475-9cb2-a47d799008f8&__skck=6a375bce8c66a0dc293860dfa83833ef&__skts=1464515608427&__skua=594476d291cbea2d29902a8d800824bd&__skno=5204a5f5-cfa6-4b82-8b63-fb780acaab42&__skcy=atD4BVAObh23VCBWsO%2BLN8tTIy4%3D,GET,AiMeiTuan /Xiaomi-6.0.1-MI 4LTE-1920x1080-480-6.8.1-381-865931022792071-wandoujia,
/group/v5/poi/select/city/1/movie/246188?hasGroup=true&mypos=39.91769%2C116.68581&movieDate=20160531&sort=distance&mpt_cate1=-1&mpt_cate2=99&offset=0&limit=20&__vhost=api.maoyan.com&utm_source=wandoujia&utm_medium=android&utm_term=381&version_name=6.8.1&utm_content=865931022792071&utm_campaign=AgroupBgroupC576591972453269000_a246188_c1D200E2161860148313631232_a265247_c9_e11345676174527809100Ghomepage_category2_99__a1&ci=1&msid=8659310227920711464515491394&uuid=521BF886936908E7E1A697E70B264C5B3B1280683785440C9BF1C463CF51E893&userid=65687079&__reqTraceID=21131bc9-673b-42e3-8a4e-d16d5f459190&__skck=6a375bce8c66a0dc293860dfa83833ef&__skts=1464515610444&__skua=594476d291cbea2d29902a8d800824bd&__skno=19b50e96-6f3f-415a-8de0-9af7aecb105e&__skcy=YUP%2Bg2jbyVmwjuMRUHc59WSGlms%3D,GET,AiMeiTuan /Xiaomi-6.0.1-MI 4LTE-1920x1080-480-6.8.1-381-865931022792071-wandoujia,
/group/v5/poi/select/city/1/movie/246188?hasGroup=true&mypos=39.91769%2C116.68581&movieDate=20160601&sort=distance&mpt_cate1=-1&mpt_cate2=99&offset=0&limit=20&__vhost=api.maoyan.com&utm_source=wandoujia&utm_medium=android&utm_term=381&version_name=6.8.1&utm_content=865931022792071&utm_campaign=AgroupBgroupC576591972453269000_a246188_c1D200E2161860148313631232_a265247_c9_e11345676174527809100Ghomepage_category2_99__a1&ci=1&msid=8659310227920711464515491394&uuid=521BF886936908E7E1A697E70B264C5B3B1280683785440C9BF1C463CF51E893&userid=65687079&__reqTraceID=f4f9c485-1377-4d32-8e1a-3dea1ab6df5a&__skck=6a375bce8c66a0dc293860dfa83833ef&__skts=1464515612600&__skua=594476d291cbea2d29902a8d800824bd&__skno=86328b55-bedf-47e6-b3d1-df78a269a244&__skcy=hZ%2Bk4EL7HuKPyMvaPUG8w1FvcXQ%3D,GET,AiMeiTuan /Xiaomi-6.0.1-MI 4LTE-1920x1080-480-6.8.1-381-865931022792071-wandoujia,
/group/v1/recommend/homepage/inteligent/1?uuid=521BF886936908E7E1A697E70B264C5B3B1280683785440C9BF1C463CF51E893&userid=65687079&position=39.91769%2C116.68581&wifi-name=360%08360%E5%85%8D%E8%B4%B9WiFi%08MF910S_9EBDCD%08TP-LINK_DC32%08CMCC%08CMCC-WEB%08&wifi-mac=00%3A87%3A46%3A0c%3A61%3Abd%089c%3A4e%3A36%3Ace%3A2e%3Ad5%08d0%3A5b%3Aa8%3A9e%3Abd%3Acd%0824%3A69%3A68%3A35%3Adc%3A32%0800%3A27%3A1d%3A07%3A87%3A5d%0800%3A27%3A1d%3A06%3A87%3A5d%08&wifi-strength=-27%08-72%08-76%08-77%08-81%08-81%08&wifi-cur=0&__vhost=api.mobile.meituan.com&utm_source=wandoujia&utm_medium=android&utm_term=381&version_name=6.8.1&utm_content=865931022792071&utm_campaign=AgroupBgroupC576591972453269000_a246188_c1D200E2161860148313631232_a265247_c9_e11345676174527809100&ci=1&msid=8659310227920711464515491394&__reqTraceID=dc9b8e40-b2c0-439a-8e7c-51a0c238c9d7&__skck=6a375bce8c66a0dc293860dfa83833ef&__skts=1464515641507&__skua=594476d291cbea2d29902a8d800824bd&__skno=521a015d-d385-49a4-8e8f-466708b4a592&__skcy=y1ZqO%2BIqWQUnHZ8NFktl0WbcN2M%3D,GET,AiMeiTuan /Xiaomi-6.0.1-MI 4LTE-1920x1080-480-6.8.1-381-865931022792071-wandoujia,
/group/v1/recommend/homepage/inteligent/1?uuid=521BF886936908E7E1A697E70B264C5B3B1280683785440C9BF1C463CF51E893&userid=65687079&position=39.91769%2C116.68581&wifi-name=360%08360%E5%85%8D%E8%B4%B9WiFi%08MF910S_9EBDCD%08TP-LINK_DC32%08CMCC%08CMCC-WEB%08&wifi-mac=00%3A87%3A46%3A0c%3A61%3Abd%089c%3A4e%3A36%3Ace%3A2e%3Ad5%08d0%3A5b%3Aa8%3A9e%3Abd%3Acd%0824%3A69%3A68%3A35%3Adc%3A32%0800%3A27%3A1d%3A07%3A87%3A5d%0800%3A27%3A1d%3A06%3A87%3A5d%08&wifi-strength=-27%08-72%08-76%08-77%08-81%08-81%08&wifi-cur=0&__vhost=api.mobile.meituan.com&utm_source=wandoujia&utm_medium=android&utm_term=381&version_name=6.8.1&utm_content=865931022792071&utm_campaign=AgroupBgroupC576591972453269000_a246188_c1D200E2161860148313631232_a265247_c9_e11345676174527809100&ci=1&msid=8659310227920711464515491394&__reqTraceID=dc9b8e40-b2c0-439a-8e7c-51a0c238c9d7&__skck=6a375bce8c66a0dc293860dfa83833ef&__skts=1464515641507&__skua=594476d291cbea2d29902a8d800824bd&__skno=521a015d-d385-49a4-8e8f-466708b4a592&__skcy=y1ZqO%2BIqWQUnHZ8NFktl0WbcN2M%3D,GET,AiMeiTuan /Xiaomi-6.0.1-MI 4LTE-1920x1080-480-6.8.1-381-865931022792071-wandoujia,
/topic/mingdian?f=android&token=JXylHXJemQmAyrBVhhJTQJJ4pqoAAAAAOgIAAKpw00653emR9wW8FN8VNTQFUzOIQiUmsqZLP2s8zLY1o7JFFVo7Zr96yF8E70EaRQ&userid=65687079&lat=39.91769&lng=116.68581&utm_source=wandoujia&utm_medium=android&utm_term=381&version_name=6.8.1&utm_content=865931022792071&utm_campaign=AgroupBgroupC576591972453269000_a246188_c1D200E2161860148313631232_a265247_c9_e11345676174527809100Ghomepage_brandmodule1_2349&ci=1&msid=8659310227920711464515491394&uuid=521BF886936908E7E1A697E70B264C5B3B1280683785440C9BF1C463CF51E893,GET,"Mozilla/5.0 (Linux; Android 6.0.1; MI 4LTE Build/MMB29M; wv) AppleWebKit/537.36 (KHTML, like Gecko) Version/4.0 Chrome/48.0.2564.71 Mobile Safari/537.36",
/css/eve.83181c27.css,GET,"Mozilla/5.0 (Linux; Android 6.0.1; MI 4LTE Build/MMB29M; wv) AppleWebKit/537.36 (KHTML, like Gecko) Version/4.0 Chrome/48.0.2564.71 Mobile Safari/537.36",
/source/stable/mobile.js,GET,"Mozilla/5.0 (Linux; Android 6.0.1; MI 4LTE Build/MMB29M; wv) AppleWebKit/537.36 (KHTML, like Gecko) Version/4.0 Chrome/48.0.2564.71 Mobile Safari/537.36",
/js/truck.68c2fb33.js,GET,"Mozilla/5.0 (Linux; Android 6.0.1; MI 4LTE Build/MMB29M; wv) AppleWebKit/537.36 (KHTML, like Gecko) Version/4.0 Chrome/48.0.2564.71 Mobile Safari/537.36",
/codeman/b8f103fb19fa0cd7c1ec6bda9a25505b2038.png,GET,"Mozilla/5.0 (Linux; Android 6.0.1; MI 4LTE Build/MMB29M; wv) AppleWebKit/537.36 (KHTML, like Gecko) Version/4.0 Chrome/48.0.2564.71 Mobile Safari/537.36",
/codeman/540c450c4b58da4d65de3e156e4545291358.png,GET,"Mozilla/5.0 (Linux; Android 6.0.1; MI 4LTE Build/MMB29M; wv) AppleWebKit/537.36 (KHTML, like Gecko) Version/4.0 Chrome/48.0.2564.71 Mobile Safari/537.36",
/codeman/06db4f4d4a36b3fd0b59aaa9833b106a1349.png,GET,"Mozilla/5.0 (Linux; Android 6.0.1; MI 4LTE Build/MMB29M; wv) AppleWebKit/537.36 (KHTML, like Gecko) Version/4.0 Chrome/48.0.2564.71 Mobile Safari/537.36",
/combo/?f=js/common/msg.css.dbf21b67.js;js/zepto.0b7cd59e.js;js/util/promise.a493c123.js;js/common/msg.79551e9f.js;js/util/url.a6becbf8.js;js/util/tool.36cf5035.js;js/util/act/loadmore.eb76f690.js;js/util/cookie.6f9c2cc1.js,GET,"Mozilla/5.0 (Linux; Android 6.0.1; MI 4LTE Build/MMB29M; wv) AppleWebKit/537.36 (KHTML, like Gecko) Version/4.0 Chrome/48.0.2564.71 Mobile Safari/537.36",
/combo/?f=js/urltransform.1518ed26.js,GET,"Mozilla/5.0 (Linux; Android 6.0.1; MI 4LTE Build/MMB29M; wv) AppleWebKit/537.36 (KHTML, like Gecko) Version/4.0 Chrome/48.0.2564.71 Mobile Safari/537.36",
/combo/?f=js/com/unveil.94b5c98c.js;js/com/countdown.c23be508.js;js/com/sticky.a6f9ec86.js;js/com/documentshare.135669d3.js;js/com/pagecommon.6bb1b421.js,GET,"Mozilla/5.0 (Linux; Android 6.0.1; MI 4LTE Build/MMB29M; wv) AppleWebKit/537.36 (KHTML, like Gecko) Version/4.0 Chrome/48.0.2564.71 Mobile Safari/537.36",
/bs/js/?f=mta-js:mta.min.js,GET,"Mozilla/5.0 (Linux; Android 6.0.1; MI 4LTE Build/MMB29M; wv) AppleWebKit/537.36 (KHTML, like Gecko) Version/4.0 Chrome/48.0.2564.71 Mobile Safari/537.36",
/combo/?f=js/count.bbd86e85.js,GET,"Mozilla/5.0 (Linux; Android 6.0.1; MI 4LTE Build/MMB29M; wv) AppleWebKit/537.36 (KHTML, like Gecko) Version/4.0 Chrome/48.0.2564.71 Mobile Safari/537.36",
/_.gif?app=557121dceaf5a9762c967503&type=timer&url=http%3A%2F%2Fi.meituan.com%2Ftopic%2Fmingdian&autotags=true&sr=360x640&vp=360x572&csz=749&uuid=244143802&data=%7B%22page%22%3A%7B%22redirect%22%3A49%2C%22dns%22%3A106%2C%22connect%22%3A32%2C%22network%22%3A242%2C%22send%22%3A373%2C%22receive%22%3A62%2C%22backend%22%3A435%2C%22render%22%3A1%2C%22dom%22%3A842%2C%22frontend%22%3A843%2C%22load%22%3A1477%2C%22domReady%22%3A1163%2C%22interactive%22%3A1163%2C%22ttf%22%3A49%2C%22ttr%22%3A243%2C%22ttdns%22%3A104%2C%22ttconnect%22%3A210%2C%22ttfb%22%3A616%7D%7D&tags=%7B%7D&version=0.3.2,GET,"Mozilla/5.0 (Linux; Android 6.0.1; MI 4LTE Build/MMB29M; wv) AppleWebKit/537.36 (KHTML, like Gecko) Version/4.0 Chrome/48.0.2564.71 Mobile Safari/537.36",
/combo/?f=js/util/native/adapter.cbe37179.js,GET,"Mozilla/5.0 (Linux; Android 6.0.1; MI 4LTE Build/MMB29M; wv) AppleWebKit/537.36 (KHTML, like Gecko) Version/4.0 Chrome/48.0.2564.71 Mobile Safari/537.36",
/200.0/deal/80db247192470c96947eeeb850b16c8e56354.jpg@76_0_488_488a%7C267h_267w_2e_100Q,GET,"Mozilla/5.0 (Linux; Android 6.0.1; MI 4LTE Build/MMB29M; wv) AppleWebKit/537.36 (KHTML, like Gecko) Version/4.0 Chrome/48.0.2564.71 Mobile Safari/537.36",
/200.0/deal/f87b6a9f68f664cf24131c279065583854208.jpg@126_0_388_388a%7C267h_267w_2e_100q,GET,"Mozilla/5.0 (Linux; Android 6.0.1; MI 4LTE Build/MMB29M; wv) AppleWebKit/537.36 (KHTML, like Gecko) Version/4.0 Chrome/48.0.2564.71 Mobile Safari/537.36",
/200.0/deal/7f8a8038933daf2c5f973625298f38c065251.jpg@126_0_388_388a%7C267h_267w_2e_100Q,GET,"Mozilla/5.0 (Linux; Android 6.0.1; MI 4LTE Build/MMB29M; wv) AppleWebKit/537.36 (KHTML, like Gecko) Version/4.0 Chrome/48.0.2564.71 Mobile Safari/537.36",
/200.0/deal/633e2d877e266079296b7224fec75c4c45917.jpg,GET,"Mozilla/5.0 (Linux; Android 6.0.1; MI 4LTE Build/MMB29M; wv) AppleWebKit/537.36 (KHTML, like Gecko) Version/4.0 Chrome/48.0.2564.71 Mobile Safari/537.36",
/200.0/deal/3b9e517a5bb88a80f203e5197a2feecd38752.jpg@120_0_400_400a%7C267h_267w_2e_90Q,GET,"Mozilla/5.0 (Linux; Android 6.0.1; MI 4LTE Build/MMB29M; wv) AppleWebKit/537.36 (KHTML, like Gecko) Version/4.0 Chrome/48.0.2564.71 Mobile Safari/537.36",
/combo/?f=js/util/native/browserAPI.de2744d4.js,GET,"Mozilla/5.0 (Linux; Android 6.0.1; MI 4LTE Build/MMB29M; wv) AppleWebKit/537.36 (KHTML, like Gecko) Version/4.0 Chrome/48.0.2564.71 Mobile Safari/537.36",
/combo/?f=js/util/native/browserAPI.de2744d4.js,GET,"Mozilla/5.0 (Linux; Android 6.0.1; MI 4LTE Build/MMB29M; wv) AppleWebKit/537.36 (KHTML, like Gecko) Version/4.0 Chrome/48.0.2564.71 Mobile Safari/537.36",
/_.gif?rt=1464515645945&st=1464515646273&dt=1464515646742&lt=1464515647054&expire=0,GET,"Mozilla/5.0 (Linux; Android 6.0.1; MI 4LTE Build/MMB29M; wv) AppleWebKit/537.36 (KHTML, like Gecko) Version/4.0 Chrome/48.0.2564.71 Mobile Safari/537.36",
/200.0/deal/86aa598d94f2482cc1cdc943ae34946737557.jpg@142_0_436_436a%7C267h_267w_2e_90q,GET,"Mozilla/5.0 (Linux; Android 6.0.1; MI 4LTE Build/MMB29M; wv) AppleWebKit/537.36 (KHTML, like Gecko) Version/4.0 Chrome/48.0.2564.71 Mobile Safari/537.36",
/200.0/deal/80cc2f7bf1292fadb9c01ce44d49a9ce40787.jpg,GET,"Mozilla/5.0 (Linux; Android 6.0.1; MI 4LTE Build/MMB29M; wv) AppleWebKit/537.36 (KHTML, like Gecko) Version/4.0 Chrome/48.0.2564.71 Mobile Safari/537.36",
/440.267/deal/7f8a8038933daf2c5f973625298f38c065251.jpg@0_0_640_387a%7C388h_640w_2e_100Q.webp,GET,okhttp/2.7.5,
/440.267/deal/7f8a8038933daf2c5f973625298f38c065251.jpg@0_0_640_387a%7C388h_640w_2e_100Q.webp,GET,okhttp/2.7.5,
/dealfeedback/feedbacklabels/37039356?__vhost=open.meituan.com&utm_source=wandoujia&utm_medium=android&utm_term=381&version_name=6.8.1&utm_content=865931022792071&utm_campaign=AgroupBgroupC216291134774017024_ec62e15cefde196092c8ceab1e8c83694D200E2161860148313631232_a265247_c9_e11345676174527809100Ghomepage_brandmodule1_2349&ci=1&msid=8659310227920711464515491394&uuid=521BF886936908E7E1A697E70B264C5B3B1280683785440C9BF1C463CF51E893&userid=65687079&__reqTraceID=158b5a0f-41ec-47b6-ab03-3f059c6b9598&__skck=6a375bce8c66a0dc293860dfa83833ef&__skts=1464515685656&__skua=594476d291cbea2d29902a8d800824bd&__skno=76d1bb49-ef70-441c-8dca-1300f6758092&__skcy=tA3wombnz5WbYLFAHNaXGtbvz8g%3D,GET,AiMeiTuan /Xiaomi-6.0.1-MI 4LTE-1920x1080-480-6.8.1-381-865931022792071-wandoujia,
/dealfeedback/v1/1/37039356?noempty=1&offset=0&limit=3&withpic=0&__vhost=open.meituan.com&utm_source=wandoujia&utm_medium=android&utm_term=381&version_name=6.8.1&utm_content=865931022792071&utm_campaign=AgroupBgroupC216291134774017024_ec62e15cefde196092c8ceab1e8c83694D200E2161860148313631232_a265247_c9_e11345676174527809100Ghomepage_brandmodule1_2349&ci=1&msid=8659310227920711464515491394&uuid=521BF886936908E7E1A697E70B264C5B3B1280683785440C9BF1C463CF51E893&userid=65687079&__reqTraceID=0147a054-d6ac-4cc5-96cd-9ddcda5b0276&__skck=6a375bce8c66a0dc293860dfa83833ef&__skts=1464515685725&__skua=594476d291cbea2d29902a8d800824bd&__skno=7e68c0ad-902d-480a-9824-71439e7db51e&__skcy=k92eNa1OeYQP67SrL7eyHJOH8sQ%3D,GET,AiMeiTuan /Xiaomi-6.0.1-MI 4LTE-1920x1080-480-6.8.1-381-865931022792071-wandoujia,
/group/v1/deal/recommend/collaborative?scene=samebrand&cityId=1&did=37039356&latlng=39.917690%2C116.685810&__vhost=api.mobile.meituan.com&utm_source=wandoujia&utm_medium=android&utm_term=381&version_name=6.8.1&utm_content=865931022792071&utm_campaign=AgroupBgroupC216291134774017024_ec62e15cefde196092c8ceab1e8c83694D200E2161860148313631232_a265247_c9_e11345676174527809100Ghomepage_brandmodule1_2349&ci=1&msid=8659310227920711464515491394&uuid=521BF886936908E7E1A697E70B264C5B3B1280683785440C9BF1C463CF51E893&userid=65687079&__reqTraceID=3cb7456d-2237-4846-aebc-22ea42d8e00e&__skck=6a375bce8c66a0dc293860dfa83833ef&__skts=1464515685788&__skua=594476d291cbea2d29902a8d800824bd&__skno=c7d7b741-32b2-41a4-a631-ed06cd1b7940&__skcy=QyT4lZwmpn85p04z2z67pUGKoXA%3D,GET,AiMeiTuan /Xiaomi-6.0.1-MI 4LTE-1920x1080-480-6.8.1-381-865931022792071-wandoujia,
/midasmkt/mtajax/dealPairAdsApp?viewShopId=1651883&cityId=1&slotId=50003&mtabtest=ab_ads_b_group_68_ads_rec__b__b&lat=39.91769&lng=116.68581&channel=food&categoryIds=1&viewDealId=37039356,POST,AiMeiTuan/Xiaomi-6.0.1-MI 4LTE-1920x1080-480-6.8.1-381-null-wandoujia,"{""wifi_use"":{""ssid"":""360"",""mac"":""00:87:46:0c:61:bd"",""intensity"":""-30""},""wifi_env"":[{""ssid"":""MF910S_9EBDCD"",""mac"":""d0:5b:a8:9e:bd:cd"",""intensity"":""-76""},{""ssid"":""TP-LINK_DC32"",""mac"":""24:69:68:35:dc:32"",""intensity"":""-83""},{""ssid"":""CMCC"",""mac"":""00:27:1d:07:87:5d"",""intensity"":""-83""},{""ssid"":""CMCC-WEB"",""mac"":""00:27:1d:06:87:5d"",""intensity"":""-84""}]}"
/140.140/shaitu/56136ac60979010ad95663d5984a2701274240.jpg.webp,GET,okhttp/2.7.5,
/group/v1/deal/recommend/collaborative?scene=view-v4&cityId=1&did=37039356&latlng=39.917690%2C116.685810&__vhost=api.mobile.meituan.com&utm_source=wandoujia&utm_medium=android&utm_term=381&version_name=6.8.1&utm_content=865931022792071&utm_campaign=AgroupBgroupC216291134774017024_ec62e15cefde196092c8ceab1e8c83694D200E2161860148313631232_a265247_c9_e11345676174527809100Ghomepage_brandmodule1_2349&ci=1&msid=8659310227920711464515491394&uuid=521BF886936908E7E1A697E70B264C5B3B1280683785440C9BF1C463CF51E893&userid=65687079&__reqTraceID=93d63809-75dc-41f7-b1c1-dacac732a4af&__skck=6a375bce8c66a0dc293860dfa83833ef&__skts=1464515686053&__skua=594476d291cbea2d29902a8d800824bd&__skno=4fe191dc-b97b-4d96-b3ff-8c4b7a429231&__skcy=NZC2T%2FmkjB3hgW1%2Br10meXzvAzQ%3D,GET,AiMeiTuan /Xiaomi-6.0.1-MI 4LTE-1920x1080-480-6.8.1-381-865931022792071-wandoujia,
/140.140/shaitu/60228d3d6a808f8850fefb58e1b9d2b7360539.jpg.webp,GET,okhttp/2.7.5,
/140.140/shaitu/e7fe1575aea74af6c8329fd3e7034c3d298813.jpg.webp,GET,okhttp/2.7.5,
/140.140/shaitu/b6e70788da1ecbd341025d50c622cd3c422049.jpg.webp,GET,okhttp/2.7.5,
/avatar/e8e836d778b1d2e41d9a81b9d491a3ef16554.jpg.webp,GET,okhttp/2.7.5,
/140.140/shaitu/4a6a54a1f67cffe2ea8d2178eab00fa967459.jpg.webp,GET,okhttp/2.7.5,
/140.140/shaitu/4d82e0a7010e61219438edc35eb5093556689.jpg.webp,GET,okhttp/2.7.5,
/140.140/shaitu/10371a75a49013fe07f7846b4377205d48346.jpg.webp,GET,okhttp/2.7.5,
/140.140/shaitu/2f2a22c8df22e690fd91dd0ac4b5b8db43906.jpg.webp,GET,okhttp/2.7.5,
/140.140/shaitu/97417e4d87a6c2a6f0b9d52e4305991b12720.jpg.webp,GET,okhttp/2.7.5,
/140.140/shaitu/f6e9f6cafaa7ea96bf9ac7f57a6b22e953352.jpg.webp,GET,okhttp/2.7.5,
/140.140/shaitu/6d8869b2142cca09b7fd523df23145b815158.jpg.webp,GET,okhttp/2.7.5,
/140.140/shaitu/684c76ee7c5711edc3cd8df235116f3611067.jpg.webp,GET,okhttp/2.7.5,
/0.160/deal/04357d7337c7c2909d2c89b0724e062715721.jpg.webp,GET,okhttp/2.7.5,
/0.160/deal/7fe63b011f99d23b4f4c3ea50f08aadb28660.jpg.webp,GET,okhttp/2.7.5,
/0.160/deal/4f1924d1ef5a96ad836c248e27d2eb3b25635.jpg.webp,GET,okhttp/2.7.5,
/0.160/deal/d750cca67abdb9e52bbc7adecc5e8e99592958.jpg@581_0_1967_1967a%7C267h_267w_2e_90Q.webp,GET,okhttp/2.7.5,
